ranking,regionCode,firstName,lastName,teamId,teamName,age,height,weight,positionText,apps,minsPlayed,rating,goal,assistTotal,shotsPerGame,keyPassPerGame,dribbleWonPerGame,foulGivenPerGame,offsideGivenPerGame,dispossessedPerGame,turnoverPerGame,name,date,,,
6,wls,Aaron,Ramsey,13,Arsenal,23,177,70,Midfielder,23,1771,7.779565217,10,8,2.173913043,1.391304348,1.304347826,1.086956522,0.086956522,1.304347826,0.826086957,Aaron Hughes,1/1/2014,,,
258,nir,Aaron,Hughes,170,Fulham,35,183,71,Defender,13,1064,6.754615385,0,0,0,0,0.384615385,0.461538462,0,0.076923077,0.307692308,Aaron Lennon,1/1/2014,,,
276,eng,Aaron,Lennon,30,Tottenham,27,165,63,Midfielder,27,2199,6.724814815,1,3,0.925925926,1.37037037,1.111111111,0.851851852,0.074074074,1.555555556,0.814814815,Aaron McLean,1/1/2014,,,
468,eng,Aaron,Wilbraham,162,Crystal Palace,35,191,72,Forward,4,82,6.31,0,0,0.75,0.25,0.5,0.25,0.75,1,0.5,Aaron Ramsey,1/1/2014,,,
509,eng,Aaron,McLean,214,Hull,31,171,77,Forward,1,6,6.17,0,0,0,0,0,0,0,0,0,Aaron Wilbraham,1/1/2014,,,
122,sn,Abdoulaye,Faye,214,Hull,36,188,87,Defender,3,270,7.026666667,0,0,1,0.333333333,0,0,0,0,0,Abdoulaye Faye,1/1/2014,,,
204,eng,Adam,Johnson,16,Sunderland,27,175,63,Midfielder,36,2461,6.852222222,8,5,1.555555556,1.75,1.166666667,0.861111111,0.138888889,1.138888889,1.027777778,Adam Armstrong,1/1/2014,,,
50,eng,Adam,Lallana,18,Southampton,26,173,73,Midfielder,38,3119,7.235789474,9,5,1.842105263,1.868421053,1.842105263,2,0.421052632,2.447368421,2.368421053,Adam Johnson,1/1/2014,,,
524,eng,Adam,Armstrong,23,Newcastle United,17,172,69,Forward,4,30,6.1025,0,0,0.25,0.25,0,0.5,0,0,0,Adam Lallana,1/1/2014,,,
307,ma,Adel,Taarabt,170,Fulham,25,180,69,Midfielder,12,599,6.673333333,0,1,2.416666667,0.583333333,2.25,1.583333333,0.166666667,2.083333333,0.833333333,Adel Taarabt,1/1/2014,,,
458,dz,Adlène,Guédioura,162,Crystal Palace,29,183,74,Midfielder,8,321,6.35125,0,0,1.625,0.5,0.625,0.5,0,1.375,0.75,Adnan Januzaj,1/1/2014,,,
149,be,Adnan,Januzaj,32,Manchester United,19,180,75,Midfielder,27,1648,6.957407407,4,3,1.740740741,1.148148148,1.888888889,2.222222222,0.111111111,2.074074074,2.037037037,Adrian Mariappa,1/1/2014,,,
130,jm,Adrian,Mariappa,162,Crystal Palace,28,180,70,Defender,24,2114,7.004583333,1,1,0.208333333,0.291666667,0.25,0.708333333,0.041666667,0.208333333,0.583333333,Ahmed Elmohamady,1/1/2014,,,
209,es,Adrián,San Miguel del Castillo,29,West Ham,27,190,80,Goalkeeper,20,1800,6.8415,0,0,0,0.1,0,0.25,0,0,0,Aiden McGeady,1/1/2014,,,
132,eg,Ahmed,Elmohamady,214,Hull,27,180,81,Midfielder,38,3334,7.000789474,2,2,0.5,1.105263158,1.105263158,0.763157895,0.078947368,0.710526316,0.763157895,Alejandro Pozuelo Melero,1/1/2014,,,
391,ie,Aiden,McGeady,31,Everton,28,178,72,Midfielder,16,475,6.513125,0,1,0.625,0.375,1.4375,0.1875,0.0625,0.5625,0.5625,Aleksandar Kolarov,1/1/2014,,,
440,es,Alejandro,Pozuelo Melero,259,Swansea,23,170,63,Midfielder,22,874,6.385454545,0,1,0.681818182,0.954545455,0.636363636,0.772727273,0,1.909090909,1,Aleksandar Tonev,1/1/2014,,,
482,bg,Aleksandar,Tonev,24,Aston Villa,24,176,70,Midfielder,17,601,6.25,0,0,1.411764706,0.117647059,0.470588235,0.294117647,0.058823529,0.411764706,0.529411765,Alex Bruce,1/1/2014,,,
87,rs,Aleksandar,Kolarov,167,Manchester City,29,187,83,Defender,30,1973,7.118333333,1,7,1.733333333,1.166666667,0.733333333,1.2,0.066666667,0.466666667,0.7,Alex Oxlade-Chamberlain,1/1/2014,,,
319,ie,Alex,Bruce,214,Hull,30,180,73,Defender,20,1602,6.6535,0,0,0.5,0.15,0,0.1,0,0.05,0.15,Alex Pritchard,1/1/2014,,,
361,eng,Alex,Oxlade-Chamberlain,13,Arsenal,21,180,70,Midfielder,14,527,6.57,2,2,1.285714286,0.428571429,1.5,0.714285714,0.071428571,0.714285714,1.214285714,Alexander Buttner,1/1/2014,,,
539,eng,Alex,Pritchard,30,Tottenham,21,171,62,Midfielder,1,7,6.04,0,0,0,0,0,0,0,0,0,Alexander Kacaniklic,1/1/2014,,,
290,no,Alexander,Tettey,168,Norwich,28,180,68,Midfielder,21,1494,6.705238095,1,0,0.666666667,0.666666667,0.428571429,0.571428571,0,0.571428571,0.619047619,Alexander Tettey,1/1/2014,,,
338,nl,Alexander,Buttner,32,Manchester United,25,174,75,Defender,8,497,6.62125,0,0,0.625,0.375,0.625,1,0,0.75,0.625,Allan McGregor,1/1/2014,,,
416,se,Alexander,Kacaniklic,170,Fulham,23,180,66,Midfielder,23,1311,6.461304348,1,0,0.826086957,0.956521739,0.869565217,1.043478261,0.130434783,1.260869565,0.782608696,Alou Diarra,1/1/2014,,,
408,sct,Allan,McGregor,214,Hull,32,183,74,Goalkeeper,26,2297,6.485769231,0,0,0,0,0,0.192307692,0,0.038461538,0,Aly Cissokho,1/1/2014,,,
483,fr,Alou,Diarra,29,West Ham,33,190,79,Midfielder,3,114,6.243333333,0,0,0.666666667,0.333333333,0,0,0,0,0,Anders Lindegaard,1/1/2014,,,
201,es,Álvaro,Negredo,167,Manchester City,29,186,86,Forward,32,1741,6.8559375,9,3,2.0625,1.03125,0.34375,0.5,0.40625,0.9375,1.28125,Anderson Oliveira,1/1/2014,,,
516,es,Álvaro,Vázquez García,259,Swansea,23,182,71,Forward,12,414,6.134166667,0,1,0.75,0.416666667,0.083333333,0.333333333,0.583333333,0.416666667,1.166666667,Andre Wisdom,1/1/2014,,,
142,fr,Aly,Cissokho,26,Liverpool,27,181,75,Defender,15,1091,6.979333333,0,1,0.333333333,0.533333333,0.733333333,0.6,0.066666667,0.333333333,0.8,Andrea Dossena,1/1/2014,,,
5,dk,Anders,Lindegaard,32,Manchester United,30,193,80,Goalkeeper,1,90,7.82,0,0,0,0,0,0,0,0,0,Andreas Cornelius,1/1/2014,,,
397,br,Anderson,Oliveira,32,Manchester United,26,176,69,Midfielder,4,158,6.5025,0,0,0.5,1,0.25,0.25,0.25,1,0.5,Andreas Weimann,1/1/2014,,,
473,eng,Andre,Wisdom,26,Liverpool,21,186,78,Defender,2,82,6.275,0,0,1,0,0.5,0,0,1.5,1,Andrew Taylor,1/1/2014,,,
178,de,André,Schürrle,15,Chelsea,24,183,72,Midfielder,30,1343,6.891,8,2,1.9,0.966666667,0.633333333,0.433333333,0.533333333,0.6,1.2,Andros Townsend,1/1/2014,,,
475,it,Andrea,Dossena,16,Sunderland,33,181,77,Defender,7,537,6.27,0,0,0.571428571,0.714285714,0,0.285714286,0,0.142857143,0.428571429,Andy Carroll,1/1/2014,,,
355,at,Andreas,Weimann,24,Aston Villa,23,188,76,Forward,37,2680,6.588108108,5,4,1.837837838,0.918918919,0.459459459,0.621621622,0.108108108,0.810810811,0.891891892,Andy Wilkinson,1/1/2014,,,
533,dk,Andreas,Cornelius,188,Cardiff,21,192,89,Forward,8,107,6.07125,0,0,0.5,0,0,0.25,0,0.5,0.625,Angel Rangel,1/1/2014,,,
413,eng,Andrew,Taylor,188,Cardiff,28,178,69,Defender,18,1576,6.465555556,0,0,0.277777778,0.555555556,0.111111111,0.555555556,0,0.611111111,0.333333333,Anthony Pilkington,1/1/2014,,,
170,eng,Andros,Townsend,30,Tottenham,23,181,81,Midfielder,25,1231,6.91,1,0,2.24,1.08,2.72,1.16,0.04,1.36,1.16,Antolin Alcaraz,1/1/2014,,,
489,eng,Andy,Wilkinson,96,Stoke,30,180,69,Defender,5,275,6.238,0,0,0.2,0,0,0.4,0,0.2,1,Antonio Luna,1/1/2014,,,
51,eng,Andy,Carroll,29,West Ham,25,193,79,Forward,15,1129,7.232,2,4,3.4,1,0.266666667,1.533333333,0.4,1.466666667,2.533333333,Antonio Nocerino,1/1/2014,,,
76,es,Angel,Rangel,259,Swansea,32,188,84,Defender,30,2633,7.145,0,1,0.3,0.9,0.466666667,0.766666667,0.033333333,0.4,0.8,Aron Gunnarsson,1/1/2014,,,
453,ie,Anthony,Pilkington,168,Norwich,26,180,76,Midfielder,15,841,6.36,1,1,1.133333333,0.266666667,1,0.6,0.133333333,0.8,1.6,Arouna Kone,1/1/2014,,,
115,py,Antolin,Alcaraz,31,Everton,32,184,80,Defender,6,495,7.05,0,0,0.333333333,0,1,0.5,0,0.166666667,0.166666667,Artur Boruc,1/1/2014,,,
265,es,Antonio,Luna,24,Aston Villa,23,178,70,Defender,17,1385,6.746470588,1,0,0.058823529,0.294117647,0.764705882,0.588235294,0.117647059,0.823529412,0.588235294,Ashkan Dejagah,1/1/2014,,,
484,it,Antonio,Nocerino,29,West Ham,29,175,74,Midfielder,10,255,6.24,0,0,0.3,0.4,0.1,0.5,0,0.4,0.3,Ashley Cole,1/1/2014,,,
390,is,Aron,Gunnarsson,188,Cardiff,25,177,70,Midfielder,23,1549,6.515217391,1,2,0.782608696,0.608695652,0.391304348,1,0.043478261,0.608695652,0.956521739,Ashley Westwood,1/1/2014,,,
510,ci,Arouna,Koné,31,Everton,31,182,78,Forward,5,79,6.16,0,0,0.6,0.4,0.2,0.2,0.4,0.6,0.8,Ashley Williams,1/1/2014,,,
280,pl,Artur,Boruc,18,Southampton,34,193,89,Goalkeeper,29,2580,6.715172414,0,1,0,0.103448276,0.103448276,0.068965517,0,0.034482759,0.034482759,Ashley Young,1/1/2014,,,
248,ir,Ashkan,Dejagah,170,Fulham,28,181,77,Midfielder,22,1310,6.772727273,5,2,1,1,1.545454545,1,0.181818182,1.909090909,1.181818182,Asmir Begovic,1/1/2014,,,
172,eng,Ashley,Cole,15,Chelsea,33,176,66,Defender,17,1389,6.91,0,2,0.235294118,1,0.529411765,0.941176471,0.058823529,0.470588235,1,Bacary Sagna,1/1/2014,,,
219,eng,Ashley,Westwood,24,Aston Villa,24,175,67,Midfielder,35,3086,6.825428571,3,2,0.8,1.857142857,0.2,0.542857143,0,0.457142857,0.514285714,Barry Bannan,1/1/2014,,,
370,eng,Ashley,Young,32,Manchester United,29,180,65,Midfielder,20,1040,6.5505,2,1,0.85,0.8,0.65,0.95,0.35,0.95,0.75,Ben Davies,1/1/2014,,,
52,wls,Ashley,Williams,259,Swansea,30,183,77,Defender,34,3041,7.231176471,1,1,0.382352941,0.147058824,0,0.235294118,0.147058824,0.147058824,0.382352941,Ben Foster,1/1/2014,,,
117,ba,Asmir,Begovic,96,Stoke,27,198,83,Goalkeeper,32,2880,7.04875,1,0,0.03125,0.03125,0,0.15625,0,0,0,Ben Turner,1/1/2014,,,
55,fr,Bacary,Sagna,13,Arsenal,31,176,72,Defender,35,3061,7.223142857,1,2,0.457142857,0.628571429,0.228571429,0.771428571,0,0.685714286,0.4,Billy Jones,1/1/2014,,,
321,sct,Barry,Bannan,162,Crystal Palace,25,170,60,Midfielder,15,1016,6.650666667,1,1,0.933333333,1.466666667,0.4,0.066666667,0.066666667,0.333333333,0.6,Boaz Myhill,1/1/2014,,,
150,eng,Ben,Turner,188,Cardiff,26,193,91,Defender,31,2721,6.952258065,0,1,0.258064516,0.225806452,0.064516129,0.225806452,0.161290323,0.032258065,0.096774194,Brad Friedel,1/1/2014,,,
167,wls,Ben,Davies,259,Swansea,21,181,71,Defender,34,2877,6.914117647,2,1,0.264705882,0.911764706,0.441176471,0.735294118,0,0.529411765,0.794117647,Brad Guzan,1/1/2014,,,
349,eng,Ben,Foster,175,West Bromwich Albion,31,193,79,Goalkeeper,24,2149,6.5975,0,0,0,0,0.041666667,0.041666667,0,0,0.041666667,Bradley Johnson,1/1/2014,,,
144,eng,Billy,Jones,175,West Bromwich Albion,27,183,77,Defender,21,1744,6.96952381,0,0,0.619047619,0.380952381,1.047619048,0.80952381,0.095238095,0.523809524,0.619047619,Bradley Smith,1/1/2014,,,
328,wls,Boaz,Myhill,175,West Bromwich Albion,32,191,91,Goalkeeper,14,1260,6.639285714,0,0,0,0,0,0.142857143,0,0,0,Branislav Ivanovic,1/1/2014,,,
399,kr,Bo-Kyung,Kim,188,Cardiff,25,178,70,Midfielder,28,1689,6.497142857,1,0,0.821428571,0.642857143,1.035714286,1.392857143,0.035714286,1.892857143,1.285714286,Brede Hangeland,1/1/2014,,,
137,us,Brad,Friedel,30,Tottenham,43,191,92,Goalkeeper,1,90,6.99,0,0,0,0,0,0,0,0,0,Brek Shea,1/1/2014,,,
223,us,Brad,Guzan,24,Aston Villa,30,193,94,Goalkeeper,38,3420,6.818421053,0,1,0,0.131578947,0,0.184210526,0,0,0.026315789,Bryan Oviedo,1/1/2014,,,
309,eng,Bradley,Johnson,168,Norwich,27,178,68,Midfielder,32,2474,6.669375,3,1,1.28125,0.6875,0.25,0.78125,0.03125,1.03125,0.8125,Bryan Ruiz,1/1/2014,,,
558,au,Bradley,Smith,26,Liverpool,20,178,70,Defender,1,31,5.93,0,0,0,0,0,0,0,0,3,Callum Robinson,1/1/2014,,,
38,rs,Branislav,Ivanovic,15,Chelsea,30,185,91,Defender,36,3181,7.289166667,3,1,1.055555556,0.805555556,0.527777778,0.722222222,0.194444444,0.416666667,0.444444444,Calum Chambers,1/1/2014,,,
211,no,Brede,Hangeland,170,Fulham,33,195,85,Defender,23,1909,6.83826087,0,0,0.173913043,0.086956522,0.47826087,0.260869565,0,0.260869565,0.173913043,Cameron Jerome,1/1/2014,,,
526,us,Brek,Shea,96,Stoke,24,191,82,Midfielder,1,31,6.1,0,0,0,0,0,0,0,1,1,Cameron Jerome,1/1/2014,,,
247,cr,Bryan,Ruiz,170,Fulham,29,188,78,Forward,12,778,6.779166667,1,3,0.916666667,1.25,1.166666667,1.666666667,0.083333333,2.583333333,1.333333333,Carl Jenkinson,1/1/2014,,,
28,cr,Bryan,Oviedo,31,Everton,24,172,69,Defender,9,720,7.354444444,2,2,1.666666667,0.888888889,0.666666667,1.111111111,0.111111111,1.222222222,0.888888889,Carlos Cuellar,1/1/2014,,,
559,None,Buomesca Tue,Na Bangna,170,Fulham,21,175,66,Midfielder,1,18,5.85,0,0,0,0,0,1,0,1,2,Carlton Cole,1/1/2014,,,
525,eng,Callum,Robinson,24,Aston Villa,19,178,75,Forward,4,46,6.1,0,0,0.25,0.25,0,0.5,0.25,0.5,0.5,Cauley Woodrow,1/1/2014,,,
198,eng,Calum,Chambers,18,Southampton,19,183,66,Defender,22,1645,6.859090909,0,0,0.227272727,0.545454545,0.772727273,0.5,0,0.727272727,1.136363636,Charalampos Mavrias,1/1/2014,,,
337,eng,Cameron,Jerome,162,Crystal Palace,28,185,85,Forward,28,1770,6.624285714,2,1,1.428571429,0.964285714,0.464285714,0.678571429,0.928571429,0.857142857,1.464285714,Charlie Adam,1/1/2014,,,
513,eng,Cameron,Jerome,96,Stoke,28,185,85,Forward,1,4,6.14,0,0,1,0,0,0,0,0,0,Cheick Tiote,1/1/2014,,,
312,eng,Carl,Jenkinson,13,Arsenal,22,185,77,Defender,14,800,6.667857143,1,2,0.142857143,0.285714286,0.571428571,0.285714286,0,0.071428571,0.357142857,Chris Brunt,1/1/2014,,,
221,es,Carlos,Cuéllar,16,Sunderland,33,190,84,Defender,4,343,6.82,0,0,0,0.25,0.25,0.75,0,0,0.25,Chris David,1/1/2014,,,
428,eng,Carlton,Cole,29,West Ham,31,191,84,Forward,26,853,6.426923077,6,0,0.807692308,0.346153846,0.115384615,0.423076923,0.384615385,1.192307692,1.5,Chris Herd,1/1/2014,,,
352,eng,Cauley,Woodrow,170,Fulham,20,184,74,Forward,6,414,6.593333333,1,0,1.666666667,0.666666667,0.833333333,0.5,0.833333333,2,1.666666667,Chris Smalling,1/1/2014,,,
43,es,César,Azpilicueta,15,Chelsea,25,178,75,Defender,29,2282,7.263103448,0,0,0.172413793,0.413793103,0.24137931,0.827586207,0.034482759,0.275862069,0.482758621,Christian Benteke,1/1/2014,,,
501,gr,Charalampos,Mavrias,16,Sunderland,20,177,74,Midfielder,4,152,6.215,0,0,0,0.5,0.25,0.25,0,0.75,0.25,Christian Eriksen,1/1/2014,,,
229,sct,Charlie,Adam,96,Stoke,28,185,83,Midfielder,31,1775,6.812258065,7,4,1.870967742,1.064516129,0.64516129,1,0,1,1.096774194,Chuba Akpom,1/1/2014,,,
128,ci,Cheick,Tioté,23,Newcastle United,28,175,76,Midfielder,33,2767,7.012424242,0,1,1.333333333,0.727272727,1.181818182,1.666666667,0,1.242424242,1.181818182,Ciaran Clark,1/1/2014,,,
2,nl,Chris,David,170,Fulham,21,170,71,Midfielder,1,67,8.12,1,0,3,2,1,2,0,5,1,Claudio Yacob,1/1/2014,,,
126,nir,Chris,Brunt,175,West Bromwich Albion,29,185,84,Midfielder,28,2245,7.013928571,3,5,1.75,1.464285714,0.428571429,0.357142857,0.178571429,0.678571429,0.535714286,Clint Dempsey,1/1/2014,,,
303,au,Chris,Herd,24,Aston Villa,25,173,76,Midfielder,2,172,6.675,0,0,0,0,0,3,0,0,0,Connor Wickham,1/1/2014,,,
67,eng,Chris,Smalling,32,Manchester United,25,194,90,Defender,25,1940,7.1664,1,0,0.52,0.44,0.56,0.6,0.16,0.16,0.44,Costel Pantilimon,1/1/2014,,,
44,be,Christian,Benteke,24,Aston Villa,24,190,83,Forward,26,2133,7.26,10,2,2.576923077,1.807692308,0.653846154,1.653846154,1.153846154,2.307692308,2.576923077,Craig Bellamy,1/1/2014,,,
54,dk,Christian,Eriksen,30,Tottenham,22,175,71,Midfielder,25,1995,7.2232,7,8,1.92,2.72,1,0.56,0,1.64,1.36,Craig Dawson,1/1/2014,,,
552,eng,Chuba,Akpom,13,Arsenal,19,183,70,Forward,1,1,6,0,0,0,0,0,0,0,0,0,Craig Gardner,1/1/2014,,,
195,ie,Ciaran,Clark,24,Aston Villa,25,188,76,Defender,27,2206,6.860740741,0,0,0.518518519,0.259259259,0.185185185,0.592592593,0.037037037,0.111111111,0.222222222,Craig Noone,1/1/2014,,,
207,ar,Claudio,Yacob,175,West Bromwich Albion,27,181,77,Midfielder,27,1853,6.842222222,1,0,0.407407407,0.333333333,0.333333333,0.888888889,0,0.666666667,0.444444444,Curtis Davies,1/1/2014,,,
532,us,Clint,Dempsey,170,Fulham,31,186,78,Midfielder,5,357,6.078,0,0,1.6,0.2,0.4,0.8,0.6,1.6,0.2,Damien Delaney,1/1/2014,,,
224,eng,Connor,Wickham,16,Sunderland,21,191,90,Forward,15,852,6.817333333,5,1,1.733333333,0.333333333,0.666666667,1.466666667,0.266666667,1.933333333,1.533333333,Damien Duff,1/1/2014,,,
259,ro,Costel,Pantilimon,167,Manchester City,27,203,96,Goalkeeper,7,630,6.75,0,0,0,0,0,0,0,0,0,Dan Burn,1/1/2014,,,
153,eng,Craig,Dawson,175,West Bromwich Albion,24,188,78,Defender,12,951,6.945,0,2,1.166666667,0.333333333,0,0.5,0.083333333,0.166666667,0.5,Dan Gosling,1/1/2014,,,
269,eng,Craig,Noone,188,Cardiff,27,177,69,Midfielder,17,1230,6.738235294,1,1,1.588235294,0.823529412,2.352941176,1.117647059,0.058823529,2.647058824,1.882352941,Daniel Agger,1/1/2014,,,
394,wls,Craig,Bellamy,188,Cardiff,35,175,68,Forward,22,1265,6.507272727,1,1,0.818181818,1.045454545,0.318181818,0.590909091,0.363636364,0.727272727,0.454545455,Daniel Fox,1/1/2014,,,
434,eng,Craig,Gardner,16,Sunderland,28,178,76,Midfielder,18,772,6.402222222,2,2,1.277777778,0.555555556,0.111111111,0.388888889,0.055555556,0.444444444,0.333333333,Daniel Sturridge,1/1/2014,,,
22,eng,Curtis,Davies,214,Hull,29,188,76,Defender,37,3327,7.40027027,2,1,0.702702703,0.108108108,0.297297297,0.72972973,0,0.189189189,0.27027027,Danny Gabbidon,1/1/2014,,,
426,ie,Damien,Duff,170,Fulham,35,178,60,Midfielder,15,702,6.434,0,3,0.466666667,0.733333333,0.333333333,0.6,0.2,1,0.666666667,Danny Graham,1/1/2014,,,
73,ie,Damien,Delaney,162,Crystal Palace,33,191,89,Defender,37,3286,7.148918919,1,1,0.378378378,0.135135135,0,0.351351351,0.027027027,0.081081081,0.27027027,Danny Rose,1/1/2014,,,
368,eng,Dan,Gosling,23,Newcastle United,24,178,71,Midfielder,8,364,6.5525,0,0,0.75,0.625,0.625,0.125,0,0.25,0.25,Danny Welbeck,1/1/2014,,,
395,eng,Dan,Burn,170,Fulham,22,198,87,Defender,9,606,6.506666667,0,0,0.444444444,0.111111111,0,0.111111111,0,0.333333333,0.444444444,Darren Bent,1/1/2014,,,
141,dk,Daniel,Agger,26,Liverpool,29,188,79,Defender,20,1422,6.98,2,1,0.35,0.1,0.1,0.55,0,0.05,0.25,Darren Fletcher,1/1/2014,,,
17,eng,Daniel,Sturridge,26,Liverpool,25,188,76,Forward,29,2287,7.455517241,21,7,3.413793103,1.034482759,1.275862069,1.344827586,0.655172414,1.793103448,1.793103448,Darron Gibson,1/1/2014,,,
326,eng,Daniel,Fox,18,Southampton,28,183,79,Defender,3,259,6.643333333,0,1,0.333333333,0.666666667,0,0.333333333,0,0,1.333333333,David Luiz Moreira Marinho,1/1/2014,,,
487,eng,Daniel,Graham,214,Hull,29,183,87,Forward,18,1012,6.238333333,1,1,0.888888889,0.5,0.166666667,0.5,0.277777778,0.944444444,1.222222222,David de Gea,1/1/2014,,,
96,wls,Danny,Gabbidon,162,Crystal Palace,35,178,77,Defender,23,1975,7.09173913,1,0,0.130434783,0.043478261,0.130434783,0.217391304,0,0.086956522,0.47826087,David Marshall,1/1/2014,,,
113,eng,Danny,Rose,30,Tottenham,24,173,72,Defender,22,1946,7.054090909,1,1,0.681818182,0.727272727,1.045454545,1.954545455,0.045454545,1.181818182,0.636363636,David Meyler,1/1/2014,,,
208,eng,Danny,Welbeck,32,Manchester United,24,185,73,Forward,25,1469,6.8416,9,1,1.84,0.52,0.84,1.24,0.04,1.6,1.56,David Ngog,1/1/2014,,,
359,sct,Darren,Fletcher,32,Manchester United,30,183,83,Midfielder,12,781,6.576666667,0,0,0.416666667,0.583333333,0.25,0.916666667,0,0.5,0.75,David Silva,1/1/2014,,,
470,eng,Darren,Bent,170,Fulham,30,180,73,Forward,24,1243,6.299583333,3,2,0.875,0.5,0.041666667,0.25,0.375,0.583333333,0.666666667,David Stockdale,1/1/2014,,,
504,ie,Darron,Gibson,31,Everton,27,183,90,Midfielder,1,27,6.2,0,0,0,0,0,0,0,0,0,David Vaughan,1/1/2014,,,
140,br,David,Luiz Moreira Marinho,15,Chelsea,27,189,86,Defender,19,1360,6.982105263,0,1,1.631578947,0.157894737,0.631578947,1.210526316,0,0.263157895,0.526315789,Davide Santon,1/1/2014,,,
13,es,David,Silva,167,Manchester City,28,170,67,Midfielder,27,2187,7.558148148,7,9,1.962962963,3.185185185,1.074074074,1.518518519,0.074074074,1.962962963,0.962962963,Dean Moxey,1/1/2014,,,
255,sct,David,Marshall,188,Cardiff,29,191,83,Goalkeeper,37,3330,6.758918919,0,0,0,0.027027027,0.027027027,0.054054054,0,0.027027027,0,Declan John,1/1/2014,,,
272,eng,David,Stockdale,170,Fulham,29,191,84,Goalkeeper,21,1738,6.727619048,0,0,0,0.047619048,0.095238095,0.047619048,0,0,0,Dedryck Boyata,1/1/2014,,,
332,es,David,de Gea,32,Manchester United,24,192,76,Goalkeeper,37,3330,6.635675676,0,0,0,0.027027027,0,0.081081081,0,0,0.027027027,Dejan Lovren,1/1/2014,,,
380,ie,David,Meyler,214,Hull,25,188,79,Midfielder,30,2147,6.536666667,2,1,0.533333333,0.5,0.233333333,1.5,0.1,1.1,1.033333333,Demba Ba,1/1/2014,,,
444,wls,David,Vaughan,16,Sunderland,31,170,66,Midfielder,3,174,6.376666667,0,0,0.333333333,0,0.333333333,0,0,1,0,Derek Boateng,1/1/2014,,,
546,fr,David,Ngog,259,Swansea,25,190,76,Forward,3,42,6.016666667,0,0,1,0,0.333333333,0.333333333,0.333333333,1.333333333,0,Diego Lugano,1/1/2014,,,
133,it,Davide,Santon,23,Newcastle United,23,187,77,Defender,27,2233,6.998888889,0,0,1.074074074,0.851851852,0.962962963,0.592592593,0.037037037,0.962962963,0.555555556,Dimitar Berbatov,1/1/2014,,,
278,eng,Dean,Moxey,162,Crystal Palace,28,180,70,Defender,20,1520,6.7215,0,1,0.45,0.3,0.5,0.6,0.1,0.25,0.25,Don Cowie,1/1/2014,,,
465,wls,Declan,John,188,Cardiff,19,173,64,Defender,20,1489,6.3335,0,0,0.25,0.25,0.75,0.2,0,0.45,0.25,Dwight Gayle,1/1/2014,,,
313,be,Dedryck,Boyata,167,Manchester City,24,188,84,Defender,1,56,6.66,0,0,1,2,0,0,0,0,0,Dwight Tiendalli,1/1/2014,,,
34,hr,Dejan,Lovren,18,Southampton,25,188,84,Defender,31,2789,7.320645161,2,1,0.741935484,0.129032258,0.225806452,0.709677419,0.032258065,0.290322581,0.35483871,Eden Hazard,1/1/2014,,,
392,sn,Demba,Ba,15,Chelsea,29,189,86,Forward,19,666,6.508947368,5,1,1.631578947,0.368421053,0.157894737,0.421052632,0.526315789,0.631578947,1.105263158,Edin Dzeko,1/1/2014,,,
367,gh,Derek,Boateng,170,Fulham,31,185,77,Midfielder,3,159,6.553333333,0,0,0,0.333333333,0.333333333,1,0,0.333333333,0.666666667,Eldin Jakupovic,1/1/2014,,,
386,uy,Diego,Lugano,175,West Bromwich Albion,34,188,84,Defender,9,660,6.518888889,1,0,0.555555556,0.111111111,0,0.222222222,0,0.111111111,0.222222222,Elliot Lee,1/1/2014,,,
283,bg,Dimitar,Berbatov,170,Fulham,33,188,79,Forward,18,1573,6.713888889,4,1,1.944444444,1.388888889,0.777777778,0.833333333,1.166666667,2.055555556,2.055555556,Elliott Bennett,1/1/2014,,,
454,sct,Don,Cowie,188,Cardiff,31,180,73,Midfielder,18,963,6.358888889,0,2,0.388888889,0.777777778,0.222222222,0.277777778,0.055555556,0.666666667,1,Elsad Zverotic,1/1/2014,,,
449,kr,Dong-Won,Ji,16,Sunderland,23,188,80,Forward,5,205,6.37,0,0,1.4,1.4,0.2,0.4,0,0.6,0.4,Emanuele Giaccherini,1/1/2014,,,
343,nl,Dwight,Tiendalli,259,Swansea,29,180,69,Defender,10,754,6.613,0,0,0.3,0.5,0.4,0.5,0.2,0.4,0.4,Emmanuel Adebayor,1/1/2014,,,
448,eng,Dwight,Gayle,162,Crystal Palace,24,177,73,Forward,23,887,6.370869565,7,0,1.217391304,0.304347826,0.086956522,0.695652174,0.086956522,0.652173913,1.043478261,Erik Lamela,1/1/2014,,,
10,be,Eden,Hazard,15,Chelsea,23,173,74,Midfielder,35,2907,7.672,14,7,2.085714286,2.657142857,3.771428571,2.542857143,0.257142857,2.342857143,1.857142857,Erik Pieters,1/1/2014,,,
75,ba,Edin,Dzeko,167,Manchester City,28,193,84,Forward,31,2009,7.147741935,16,1,3.322580645,0.612903226,0.387096774,0.838709677,0.258064516,1.225806452,1.161290323,Cesar Azpilicueta,1/1/2014,,,
314,ch,Eldin,Jakupovic,214,Hull,30,188,78,Goalkeeper,1,90,6.66,0,0,0,0,0,0,0,0,0,El-Hadji Ba,1/1/2014,,,
442,fr,El-Hadji,Ba,16,Sunderland,21,183,70,Midfielder,1,19,6.38,0,0,0,1,0,0,0,0,1,Jo Inge Berget,1/1/2014,,,
548,eng,Elliot,Lee,29,West Ham,19,180,72,Forward,1,2,6.01,0,0,0,0,0,0,0,0,0,Gael Clichy,1/1/2014,,,
260,eng,Elliott,Bennett,168,Norwich,25,175,69,Midfielder,2,104,6.75,0,0,1.5,0.5,1.5,1,0,1,0,Martín Demichelis,1/1/2014,,,
488,me,Elsad,Zverotic,170,Fulham,28,178,76,Defender,6,407,6.238333333,0,0,0.666666667,0.5,0.166666667,1.333333333,0,0.166666667,0.166666667,Rafael Pereira da Silva,1/1/2014,,,
345,it,Emanuele,Giaccherini,16,Sunderland,29,167,60,Midfielder,24,1366,6.608333333,4,4,1.5,1.208333333,1.041666667,1,0.416666667,1.625,1.375,Fabio Pereira da Silva,1/1/2014,,,
70,tg,Emmanuel,Adebayor,30,Tottenham,30,191,82,Forward,21,1812,7.16,11,4,2.095238095,1.619047619,0.952380952,0.619047619,1.333333333,3.714285714,3.285714286,Andre Shurrle,1/1/2014,,,
145,nl,Erik,Pieters,96,Stoke,26,184,84,Defender,36,2912,6.967777778,1,2,0.277777778,0.444444444,0.361111111,1,0.055555556,0.555555556,0.666666667,Jose Paulo Bezerra Maciel Junior,1/1/2014,,,
438,ar,Erik,Lamela,30,Tottenham,22,183,79,Midfielder,9,331,6.392222222,0,1,0.888888889,0.666666667,1,0.444444444,0.222222222,1.222222222,0.444444444,Gnegneri Yaya Toure,1/1/2014,,,
160,fr,Etienne,Capoue,30,Tottenham,26,189,80,Midfielder,12,690,6.934166667,1,0,0.5,0.25,0.75,0.666666667,0,0.916666667,0.25,Jose Enrique Sanchez Diaz,1/1/2014,,,
365,eng,Ezekiel,Fryers,30,Tottenham,22,183,75,Defender,7,399,6.56,0,0,0.285714286,0.285714286,0.142857143,0.714285714,0,0.428571429,0.714285714,Adrian San Miguel del Castillo,1/1/2014,,,
86,eng,Fabian,Delph,24,Aston Villa,25,174,60,Midfielder,34,3003,7.121176471,3,2,1.058823529,0.823529412,1.676470588,1.794117647,0.029411765,1.176470588,1.088235294,Kevin Theophile-Catherine,1/1/2014,,,
232,it,Fabio,Borini,16,Sunderland,23,178,73,Forward,32,2154,6.804375,7,2,2.09375,0.8125,0.90625,1.84375,0.21875,1.53125,1.28125,Jonas Gutierrez,1/1/2014,,,
148,br,Fabio Pereira,da Silva,32,Manchester United,24,172,65,Defender,1,90,6.96,0,0,1,1,0,0,0,2,0,Tavares Varela Adilson Cabral,1/1/2014,,,
320,br,Fabio Pereira,da Silva,188,Cardiff,24,172,65,Defender,13,1012,6.653076923,0,0,0.692307692,0.461538462,0.923076923,1.230769231,0.230769231,1.384615385,0.846153846,Francisco Javier Garcia Fernandez,1/1/2014,,,
244,ar,Fabricio,Coloccini,23,Newcastle United,32,183,63,Defender,27,2407,6.782592593,0,0,0.111111111,0.148148148,0.259259259,0.444444444,0,0.111111111,0.222222222,Fabio Pereira da Silva,1/1/2014,,,
182,es,Fernando,Torres,15,Chelsea,30,186,81,Forward,28,1592,6.888214286,5,5,2.178571429,1.035714286,1.178571429,1,0.75,1.285714286,1.321428571,Luis Almeida da Cunha,1/1/2014,,,
191,es,Fernando,Amorebieta,170,Fulham,29,192,85,Defender,23,1884,6.870869565,1,0,0.47826087,0.217391304,0.304347826,0.52173913,0.043478261,0.173913043,0.173913043,Jose Alberto Canas Ruiz Herrera,1/1/2014,,,
23,br,Fernando,Luiz Rosa,167,Manchester City,29,179,67,Midfielder,33,2614,7.399393939,5,3,1.03030303,1.242424242,1.060606061,0.696969697,0,0.818181818,0.757575758,Sandro Ranieri Guimaraes Cordeiro,1/1/2014,,,
325,ng,Foluwashola,Ameobi,23,Newcastle United,33,191,76,Forward,26,1321,6.644615385,2,0,1.384615385,1,0.423076923,1.192307692,0.346153846,1.153846154,1.384615385,Gaston Ramirez,1/1/2014,,,
405,eng,Fraizer,Campbell,188,Cardiff,27,172,82,Forward,37,2795,6.488378378,6,2,1.648648649,0.594594595,0.621621622,1.648648649,0.621621622,1.864864865,2.108108108,Jose Campana,1/1/2014,,,
299,es,Francisco Javier,Garcia Fernandez,167,Manchester City,27,180,85,Midfielder,29,1530,6.680689655,0,0,0.344827586,0.344827586,0.103448276,0.379310345,0,0.24137931,0.137931034,Papiss Demba Cisse,1/1/2014,,,
97,eng,Frank,Lampard,15,Chelsea,36,184,89,Midfielder,26,1712,7.089615385,6,3,2.192307692,1.307692308,0.269230769,0.269230769,0.076923077,0.307692308,0.5,Adlene Guedioura,1/1/2014,,,
375,eng,Gabriel,Agbonlahor,24,Aston Villa,28,178,76,Forward,30,2456,6.545,4,5,1.533333333,0.966666667,0.933333333,1.2,0.833333333,1.566666667,1.6,Jonas Gutierrez,1/1/2014,,,
503,fr,Gabriel,Obertan,23,Newcastle United,25,186,79,Midfielder,3,33,6.206666667,0,0,0,0,0.666666667,0,0,0.333333333,0.666666667,Luis Alberto Romero Alconchel,1/1/2014,,,
49,fr,Gaël,Clichy,167,Manchester City,29,176,65,Defender,20,1660,7.2455,0,0,0.05,0.65,0.55,0.5,0,0.35,0.55,Alvaro Vazquez Garcia,1/1/2014,,,
94,nir,Gareth,McAuley,175,West Bromwich Albion,35,191,70,Defender,32,2862,7.0959375,2,0,0.59375,0.1875,0.3125,0.9375,0.09375,0.46875,0.28125,Joao Carlos Vilaca Teixeira,1/1/2014,,,
40,eng,Gareth,Barry,31,Everton,33,183,78,Midfielder,32,2851,7.2809375,2,4,0.5,1.28125,0.40625,1.25,0.03125,0.75,0.5625,Buomesca Tue Na Bangna,1/1/2014,,,
292,cl,Gary,Medel,188,Cardiff,27,172,71,Midfielder,34,2887,6.701764706,0,1,0.470588235,0.205882353,0.411764706,0.735294118,0.029411765,0.617647059,0.5,Jose Manuel Flores Moreno,1/1/2014,,,
37,eng,Gary,Cahill,15,Chelsea,28,193,86,Defender,30,2623,7.292666667,1,1,0.6,0.266666667,0.2,0.666666667,0,0.266666667,0.3,Zoltan Gera,1/1/2014,,,
432,eng,Gary,Hooper,168,Norwich,26,175,71,Forward,32,2031,6.4084375,6,2,1.3125,1.15625,0.125,0.375,0.15625,1.25,1.28125,Dong-Won Ji,1/1/2014,,,
385,uy,Gastón,Ramírez,18,Southampton,24,183,77,Midfielder,18,515,6.523333333,1,3,1.166666667,0.777777778,0.888888889,0.722222222,0.111111111,1.333333333,1,Sung-Yueng Ki,1/1/2014,,,
102,us,Geoff,Cameron,96,Stoke,29,191,84,Defender,37,3286,7.077567568,2,1,0.432432432,0.567567568,1.216216216,0.594594595,0.054054054,1,0.945945946,Sung-Yueng Ki,1/1/2014,,,
200,nir,George,McCartney,29,West Ham,33,180,69,Defender,22,1842,6.856818182,0,0,0.090909091,0.454545455,0.272727273,1.045454545,0.045454545,0.318181818,0.318181818,Bo-Kyung Kim,1/1/2014,,,
403,sct,George,Boyd,214,Hull,29,186,79,Midfielder,29,1203,6.489310345,2,2,0.827586207,0.586206897,0.448275862,0.551724138,0.275862069,1.103448276,0.896551724,John Obi Mikel,1/1/2014,,,
335,es,Gerard,Deulofeu,31,Everton,20,171,68,Midfielder,25,905,6.6312,3,3,1.24,0.36,1.76,0.36,0.12,0.96,0.8,Jesus Navas,1/1/2014,,,
412,de,Gerhard,Tremmel,259,Swansea,36,190,86,Goalkeeper,12,1080,6.465833333,0,0,0,0,0,0.083333333,0,0,0,Alvaro Negredo,1/1/2014,,,
298,gr,Giorgos,Karagounis,170,Fulham,37,176,74,Midfielder,14,664,6.686428571,0,0,0.571428571,0.928571429,0.642857143,2.142857143,0.071428571,0.857142857,0.571428571,Pablo Daniel Osvaldo,1/1/2014,,,
77,eng,Glen,Johnson,26,Liverpool,30,178,70,Defender,29,2527,7.144827586,0,2,0.689655172,0.965517241,1.586206897,1.310344828,0.034482759,1.172413793,1.137931034,Loic Remy,1/1/2014,,,
251,ie,Glenn,Whelan,96,Stoke,30,180,79,Midfielder,32,2421,6.7696875,0,1,0.40625,0.875,0.25,0.5625,0,0.71875,0.625,John Arne Riise,1/1/2014,,,
464,eng,Glenn,Murray,162,Crystal Palace,31,183,80,Forward,14,397,6.335,1,1,0.928571429,0.357142857,0.214285714,0.785714286,0.428571429,0.785714286,1.428571429,Stephane Sessegnon,1/1/2014,,,
15,ci,Gnegneri Yaya,Touré,167,Manchester City,31,189,90,Midfielder,35,2939,7.539428571,20,9,1.828571429,1.171428571,1.2,0.685714286,0.085714286,0.885714286,0.8,Stephane Sessegnon,1/1/2014,,,
451,mk,Goran,Popov,175,West Bromwich Albion,30,189,89,Defender,2,84,6.365,0,0,0,0,1,0,0,0,0,Luis Antonio Valencia,1/1/2014,,,
159,sct,Graham,Dorrans,175,West Bromwich Albion,27,175,65,Midfielder,14,1109,6.935,2,0,1.285714286,2.285714286,0.642857143,0.857142857,0,1.285714286,0.571428571,Etienne Capoue,1/1/2014,,,
495,eng,Grant,Holt,24,Aston Villa,33,183,77,Forward,10,378,6.225,1,0,0.3,0.5,0,1.1,0.2,0.7,0.7,Ezekiel Fryers,1/1/2014,,,
522,br,Guilherme,Do Prado,18,Southampton,32,189,78,Forward,9,76,6.112222222,0,0,0.333333333,0.111111111,0.222222222,0,0,0.222222222,0.222222222,Fabian Delph,1/1/2014,,,
214,ci,Guy,Demel,29,West Ham,33,188,88,Defender,32,2645,6.83625,1,0,0.40625,0.4375,1.03125,0.5625,0.03125,0.75,0.53125,Fabio Borini,1/1/2014,,,
347,is,Gylfi,Sigurdsson,30,Tottenham,25,186,79,Midfielder,25,1287,6.6012,5,0,1.48,0.6,0.44,0.68,0.08,1.12,0.72,Fabricio Coloccini,1/1/2014,,,
551,eng,Harrison,Reed,18,Southampton,19,181,72,Midfielder,4,10,6.005,0,0,0,0,0,0.25,0,0.25,0.25,Fernando Amorebieta,1/1/2014,,,
194,eng,Harry,Kane,30,Tottenham,21,183,65,Forward,10,502,6.865,3,0,2.8,0.7,0.5,1.1,0.5,0.9,1.1,Fernando Luiz Rosa,1/1/2014,,,
262,fr,Hatem,Ben Arfa,23,Newcastle United,27,177,69,Midfielder,27,1309,6.749259259,3,3,1.703703704,1.111111111,2.407407407,0.925925926,0,1.592592593,1.407407407,Fernando Torres,1/1/2014,,,
263,fr,Hugo,Lloris,30,Tottenham,27,188,73,Goalkeeper,37,3330,6.747567568,0,0,0,0.027027027,0.054054054,0.108108108,0,0,0.027027027,Foluwashola Ameobi,1/1/2014,,,
400,co,Hugo,Rodallega,170,Fulham,29,181,72,Forward,13,625,6.493846154,2,2,1.384615385,1.076923077,0.153846154,0.384615385,0.230769231,0.769230769,1.538461538,Fraizer Campbell,1/1/2014,,,
494,es,Iago,Aspas,26,Liverpool,27,176,67,Forward,14,385,6.227857143,0,1,0.142857143,0.571428571,0.071428571,0.5,0.071428571,0.642857143,0.642857143,Frank Lampard,1/1/2014,,,
545,ar,Ignacio,Scocco,16,Sunderland,29,176,71,Forward,6,93,6.026666667,0,0,0.5,0,0.166666667,0.166666667,0,0.5,0.333333333,Gabriel Agbonlahor,1/1/2014,,,
125,eng,Jack,Wilshere,13,Arsenal,22,172,68,Midfielder,24,1725,7.017916667,3,4,0.875,1.375,1.875,1.833333333,0.208333333,1.208333333,1.666666667,Gabriel Obertan,1/1/2014,,,
243,eng,Jack,Cork,18,Southampton,25,183,70,Midfielder,28,1747,6.782857143,0,1,0.642857143,0.535714286,0.571428571,0.571428571,0.035714286,0.821428571,0.464285714,Gareth Barry,1/1/2014,,,
273,eng,Jack,Colback,16,Sunderland,25,176,70,Midfielder,33,2433,6.727575758,3,2,0.515151515,0.606060606,0.393939394,1.696969697,0.03030303,0.757575758,0.606060606,Gareth McAuley,1/1/2014,,,
285,eng,Jack,Butland,96,Stoke,21,192,95,Goalkeeper,3,225,6.713333333,0,0,0,0.333333333,0,0,0,0,0,Gary Cahill,1/1/2014,,,
485,wls,Jack,Collison,29,West Ham,26,183,75,Midfielder,10,467,6.24,0,0,0.7,0,0.1,0.1,0,0.4,0.4,Gary Hooper,1/1/2014,,,
493,eng,Jack,Rodwell,167,Manchester City,23,188,80,Midfielder,5,109,6.228,0,0,0.8,0.2,0,0,0,0.2,0.4,Gary Medel,1/1/2014,,,
527,ie,Jack,Grealish,24,Aston Villa,19,178,68,Midfielder,1,2,6.1,0,0,0,1,0,0,0,0,0,Geoff Cameron,1/1/2014,,,
226,eng,Jake,Livermore,214,Hull,25,180,76,Midfielder,36,3056,6.814722222,3,4,1.083333333,0.972222222,0.583333333,0.888888889,0,1.277777778,1.444444444,George Boyd,1/1/2014,,,
502,jm,Jamar,Loza,168,Norwich,20,177,71,Forward,1,32,6.21,0,0,1,0,1,1,0,0,2,George McCartney,1/1/2014,,,
3,eng,James,Wilson,32,Manchester United,19,184,73,Forward,1,65,8.04,2,0,4,0,0,0,0,0,0,Gerard Deulofeu,1/1/2014,,,
222,wls,James,Chester,214,Hull,25,180,70,Defender,24,1871,6.819166667,1,0,0.416666667,0.166666667,0.416666667,0.416666667,0,0.375,0.5,Gerhard Tremmel,1/1/2014,,,
227,sct,James,Morrison,175,West Bromwich Albion,28,178,64,Midfielder,32,2215,6.81375,1,3,1.46875,1.0625,0.78125,0.5625,0.0625,1.1875,1.09375,Giorgos Karagounis,1/1/2014,,,
334,eng,James,Ward-Prowse,18,Southampton,20,173,66,Midfielder,34,1609,6.631470588,0,2,0.588235294,1.147058824,0.147058824,0.5,0,0.529411765,0.264705882,Glen Johnson,1/1/2014,,,
360,eng,James,Milner,167,Manchester City,28,175,70,Midfielder,31,1362,6.575806452,1,4,0.806451613,0.967741935,0.580645161,0.64516129,0.096774194,0.806451613,0.548387097,Glenn Murray,1/1/2014,,,
66,eng,James,Tomkins,29,West Ham,25,191,74,Defender,31,2622,7.167741935,0,0,0.35483871,0.129032258,0.064516129,0.806451613,0.032258065,0.064516129,0.161290323,Glenn Whelan,1/1/2014,,,
72,wls,James,Collins,29,West Ham,31,188,83,Defender,24,1903,7.1525,1,0,0.583333333,0.083333333,0.125,0.333333333,0.083333333,0.041666667,0.166666667,Goran Popov,1/1/2014,,,
80,ie,James,McCarthy,31,Everton,24,180,72,Midfielder,34,2859,7.137647059,1,3,0.617647059,1.235294118,0.676470588,0.794117647,0,1,0.705882353,Graham Dorrans,1/1/2014,,,
162,be,Jan,Vertonghen,30,Tottenham,27,189,86,Defender,23,2007,6.929130435,0,0,0.565217391,0.391304348,0.739130435,1.043478261,0.086956522,1.173913043,0.869565217,Grant Holt,1/1/2014,,,
124,eng,Jason,Puncheon,162,Crystal Palace,28,173,70,Midfielder,34,2527,7.023235294,7,2,2.264705882,1.441176471,1.647058824,0.5,0.029411765,1.588235294,1.705882353,Guilherme Do Prado,1/1/2014,,,
406,es,Javier,Garrido,168,Norwich,29,178,75,Defender,6,517,6.486666667,0,0,0,0.666666667,0,0.333333333,0.166666667,0.333333333,0.5,Guy Demel,1/1/2014,,,
436,mx,Javier,Hernández,32,Manchester United,26,175,71,Forward,24,844,6.393333333,4,2,0.875,0.541666667,0.208333333,0.583333333,0.416666667,0.666666667,1.166666667,Gylfi Sigurdsson,1/1/2014,,,
95,eng,Jay,Rodriguez,18,Southampton,25,185,80,Forward,33,2580,7.091818182,15,3,3.060606061,0.606060606,1.212121212,0.96969697,0.818181818,1.909090909,2.454545455,Harrison Reed,1/1/2014,,,
378,sct,Jay,Fulton,259,Swansea,20,178,68,Midfielder,2,81,6.54,0,0,0,0,0.5,0,0,0,0.5,Harry Kane,1/1/2014,,,
471,eng,Jermain,Defoe,30,Tottenham,32,171,65,Forward,14,423,6.280714286,1,0,1.428571429,0.571428571,0.214285714,0.357142857,0.214285714,0.714285714,1.214285714,Hatem Ben Arfa,1/1/2014,,,
512,eng,Jermaine,Pennant,96,Stoke,31,173,64,Midfielder,8,179,6.155,1,0,0.125,0.25,0.125,0.625,0.375,0.625,0.375,Hugo Lloris,1/1/2014,,,
417,eng,Jerome,Thomas,162,Crystal Palace,31,178,79,Midfielder,9,369,6.456666667,0,0,0.666666667,1.111111111,0.666666667,1.111111111,0.222222222,0.888888889,1.555555556,Hugo Rodallega,1/1/2014,,,
81,es,Jesús,Navas,167,Manchester City,29,170,60,Midfielder,30,1783,7.136666667,4,7,1.133333333,1.933333333,0.833333333,0.5,0.066666667,0.766666667,0.8,Iago Aspas,1/1/2014,,,
517,fr,Jimmy,Kebe,162,Crystal Palace,30,187,73,Midfielder,6,192,6.13,0,0,0.833333333,0.166666667,0.5,0.666666667,0.166666667,0.333333333,1,Ignacio Scocco,1/1/2014,,,
518,no,Jo Inge,Berget,188,Cardiff,24,184,78,Forward,1,11,6.13,0,0,1,0,0,0,0,0,0,Jack Butland,1/1/2014,,,
540,None,Joao Carlos,Vilaca Teixeira,26,Liverpool,21,167,64,Forward,1,8,6.04,0,0,2,0,0,0,0,1,1,Jack Colback,1/1/2014,,,
101,wls,Joe,Ledley,162,Crystal Palace,27,183,73,Midfielder,14,1250,7.079285714,2,1,0.785714286,0.714285714,0.571428571,1.214285714,0.142857143,0.5,1.071428571,Jack Collison,1/1/2014,,,
175,wls,Joe,Allen,26,Liverpool,24,168,62,Midfielder,24,1443,6.89625,1,0,0.791666667,0.75,0.791666667,0.958333333,0,1.083333333,1.083333333,Jack Cork,1/1/2014,,,
281,eng,Joe,Hart,167,Manchester City,27,196,91,Goalkeeper,31,2790,6.714516129,0,0,0,0.032258065,0,0.129032258,0,0,0.032258065,Jack Grealish,1/1/2014,,,
21,eng,Joe,Lewis,188,Cardiff,27,198,85,Goalkeeper,1,90,7.41,0,0,0,0,0,0,0,0,0,Jack Rodwell,1/1/2014,,,
356,eng,Joe,Bennett,24,Aston Villa,24,183,74,Defender,5,247,6.588,0,0,0.2,0,0.6,0.2,0.2,0,0.8,Jack Wilshere,1/1/2014,,,
410,eng,Joe,Cole,29,West Ham,33,175,63,Midfielder,20,745,6.4835,3,0,0.9,0.15,0.35,0.5,0.4,0.45,0.3,Jake Livermore,1/1/2014,,,
41,eng,Joel,Ward,162,Crystal Palace,25,180,80,Defender,36,3240,7.280555556,0,2,0.527777778,0.555555556,0.833333333,1.138888889,0.055555556,0.833333333,0.583333333,Jamar Loza,1/1/2014,,,
560,es,Joel,Robles,31,Everton,24,195,90,Goalkeeper,2,156,5.835,0,0,0,0,0,0,0,0,0,James Chester,1/1/2014,,,
346,ie,Joey,O'Brien,29,West Ham,28,180,70,Defender,17,1236,6.604705882,0,0,0.235294118,0.176470588,0.411764706,1,0,0.411764706,0.705882353,James Collins,1/1/2014,,,
411,se,Johan,Elmander,168,Norwich,33,188,84,Forward,29,1502,6.473793103,1,4,0.862068966,0.862068966,0.24137931,0.586206897,0.482758621,1.034482759,0.827586207,James Ward-Prowse,1/1/2014,,,
215,eng,John,Stones,31,Everton,20,188,70,Defender,21,1369,6.835238095,0,0,0.047619048,0.285714286,0.714285714,0.380952381,0.047619048,0.380952381,0.380952381,James McCarthy,1/1/2014,,,
286,ie,John,O'Shea,16,Sunderland,33,191,75,Defender,33,2936,6.711212121,1,0,0.212121212,0.151515152,0.060606061,0.333333333,0,0.03030303,0.363636364,James Milner,1/1/2014,,,
296,eng,John,Ruddy,168,Norwich,28,193,97,Goalkeeper,38,3420,6.691578947,0,0,0,0.078947368,0.052631579,0.184210526,0,0,0,James Morrison,1/1/2014,,,
362,nl,John,Heitinga,170,Fulham,31,182,72,Defender,14,1231,6.563571429,1,1,0.642857143,0.357142857,0.071428571,0.214285714,0,0,0.214285714,James Tomkins,1/1/2014,,,
443,nl,John,Heitinga,31,Everton,31,182,72,Defender,1,21,6.38,0,0,0,0,0,0,0,0,0,James Wilson,1/1/2014,,,
520,None,John,Swift,15,Chelsea,19,0,0,Midfielder,1,1,6.12,0,0,0,0,0,0,0,0,0,Jan Vertonghen,1/1/2014,,,
537,se,John,Guidetti,96,Stoke,22,185,79,Forward,6,61,6.051666667,0,0,0.166666667,0,0,0.333333333,0,0.333333333,1.5,Jason Puncheon,1/1/2014,,,
83,eng,John,Terry,15,Chelsea,33,187,90,Defender,34,3060,7.132058824,2,1,0.764705882,0.147058824,0.058823529,0.617647059,0.058823529,0.058823529,0.117647059,Javier Hernandez,1/1/2014,,,
318,no,John Arne,Riise,170,Fulham,34,185,77,Defender,20,1488,6.654,0,0,0.9,0.75,0.65,0.3,0.1,0.5,0.75,Javier Garrido,1/1/2014,,,
316,ng,John Obi,Mikel,15,Chelsea,27,188,83,Midfielder,24,1068,6.659166667,1,1,0.375,0.375,0.375,0.375,0,0.208333333,0.25,Jay Fulton,1/1/2014,,,
177,eng,Joleon,Lescott,167,Manchester City,32,190,89,Defender,10,785,6.892,0,0,0.6,0,0.1,0.1,0,0.2,0.2,Jay Rodriguez,1/1/2014,,,
105,eng,Jon,Flanagan,26,Liverpool,21,181,79,Defender,23,1908,7.073043478,1,1,0.304347826,0.565217391,0.652173913,0.869565217,0.043478261,1.043478261,0.826086957,Jermain Defoe,1/1/2014,,,
143,se,Jonas,Olsson,175,West Bromwich Albion,31,195,85,Defender,32,2821,6.97,1,0,0.4375,0.21875,0.125,0.625,0.03125,0.09375,0.3125,Jermaine Pennant,1/1/2014,,,
246,ar,Jonás,Gutiérrez,168,Norwich,31,183,73,Midfielder,4,200,6.78,0,0,0.5,0.5,0.5,1.75,0,1.25,0.75,Jerome Thomas,1/1/2014,,,
477,ar,Jonás,Gutiérrez,23,Newcastle United,31,183,73,Midfielder,2,64,6.26,0,0,0.5,0.5,0.5,0.5,0,1,0.5,Jimmy Kebe,1/1/2014,,,
186,nl,Jonathan,de Guzmán,259,Swansea,27,174,70,Midfielder,34,2369,6.884705882,4,4,1.470588235,1.5,0.5,1,0.235294118,1.294117647,1.264705882,Joe Allen,1/1/2014,,,
373,ie,Jonathan,Walters,96,Stoke,31,183,79,Forward,32,2265,6.5475,5,2,1.15625,0.71875,0.4375,1.34375,0.40625,1,1.71875,Joe Bennett,1/1/2014,,,
379,eng,Jonathan,Howson,168,Norwich,26,180,77,Midfielder,27,2088,6.537407407,2,0,0.851851852,0.703703704,0.62962963,0.518518519,0,1.666666667,0.592592593,Joe Cole,1/1/2014,,,
427,no,Jonathan,Parr,162,Crystal Palace,26,182,75,Defender,15,757,6.43,0,0,0.133333333,0.333333333,0.066666667,0.4,0,0.133333333,0.133333333,Joe Hart,1/1/2014,,,
461,wls,Jonathan,Williams,162,Crystal Palace,21,168,60,Midfielder,9,179,6.343333333,0,0,0.444444444,0.333333333,0.777777778,0.777777778,0,0.555555556,0.222222222,Joe Ledley,1/1/2014,,,
156,eng,Jonjo,Shelvey,259,Swansea,22,185,80,Midfielder,32,2484,6.9371875,6,6,2.4375,1.40625,0.8125,0.5,0,0.9375,0.90625,Joe Lewis,1/1/2014,,,
147,nir,Jonny,Evans,32,Manchester United,26,188,77,Defender,17,1380,6.961764706,0,0,0.411764706,0.117647059,0.235294118,0.647058824,0,0.058823529,0.117647059,Joel Robles,1/1/2014,,,
508,eng,Jordan,Bowery,24,Aston Villa,23,185,76,Forward,9,237,6.184444444,0,1,0.777777778,0.222222222,0,0.222222222,0,1.444444444,0.333333333,Joel Ward,1/1/2014,,,
57,eng,Jordan,Henderson,26,Liverpool,24,182,67,Midfielder,35,3131,7.218857143,4,7,1.4,1.771428571,0.542857143,0.542857143,0.142857143,0.742857143,0.828571429,Joey O'Brien,1/1/2014,,,
308,es,Jordi,Amat,259,Swansea,22,184,78,Defender,17,1247,6.671176471,0,0,0.235294118,0.235294118,0.235294118,0.470588235,0,0.352941176,0.176470588,Johan Elmander,1/1/2014,,,
220,eng,Jordon,Mutch,188,Cardiff,23,175,65,Midfielder,35,2275,6.820571429,7,5,1.571428571,0.914285714,1.171428571,1.171428571,0.2,0.971428571,1.257142857,John O'Shea,1/1/2014,,,
507,eng,Jordon,Ibe,26,Liverpool,18,176,81,Forward,1,14,6.19,0,0,1,0,1,0,0,0,0,John Guidetti,1/1/2014,,,
237,dk,Jores,Okore,24,Aston Villa,22,183,80,Defender,3,169,6.793333333,0,0,0,0.666666667,0.666666667,0.333333333,0,0,0,John Heitinga,1/1/2014,,,
456,nl,Jos,Hooiveld,18,Southampton,31,193,86,Defender,3,270,6.353333333,0,0,0.333333333,0,0,0.666666667,0,0,0.333333333,John Heitinga,1/1/2014,,,
59,pt,Jose,Fonte,18,Southampton,30,187,81,Defender,36,3181,7.210555556,3,0,0.527777778,0.083333333,0.083333333,0.444444444,0,0.083333333,0.194444444,John Ruddy,1/1/2014,,,
203,es,José,Enrique Sanchez Diaz,26,Liverpool,28,184,76,Defender,8,602,6.8525,0,2,0.375,1.125,0.75,0.125,0.125,0.625,0.625,John Stones,1/1/2014,,,
425,es,José,Campaña,162,Crystal Palace,21,179,74,Midfielder,6,317,6.441666667,0,1,0.833333333,0.5,0.333333333,0.833333333,0,1.666666667,1,John Swift,1/1/2014,,,
354,es,Jose Alberto,Canas Ruiz Herrera,259,Swansea,27,177,71,Midfielder,23,1677,6.58826087,0,0,0.565217391,0.130434783,0.130434783,0.739130435,0,0.608695652,0.652173913,John Terry,1/1/2014,,,
53,es,José Manuel,Flores Moreno,259,Swansea,27,187,77,Defender,31,2773,7.225483871,3,0,0.806451613,0.161290323,0.516129032,0.709677419,0,0.322580645,0.290322581,Joleon Lescott,1/1/2014,,,
184,br,José Paulo,Bezerra Maciel Júnior,30,Tottenham,26,181,77,Midfielder,30,2416,6.885666667,6,2,2.4,0.766666667,0.833333333,0.633333333,0.166666667,1.7,1.566666667,Jon Flanagan,1/1/2014,,,
171,ng,Joseph,Yobo,168,Norwich,34,188,76,Defender,8,720,6.91,0,0,0.25,0.125,0.125,0.625,0,0,0.25,Jonas Olsson,1/1/2014,,,
536,eng,Josh,Murphy,168,Norwich,19,173,67,Midfielder,9,131,6.055555556,0,0,0.555555556,0,0.444444444,0.222222222,0,0.333333333,0.444444444,Jonathan de Guzman,1/1/2014,,,
419,us,Jozy,Altidore,16,Sunderland,25,185,79,Forward,31,1782,6.453870968,1,1,0.935483871,0.774193548,0.35483871,1.35483871,0.387096774,1.258064516,1.387096774,Jonathan Howson,1/1/2014,,,
185,es,Juan,Mata,15,Chelsea,26,170,63,Midfielder,13,846,6.885384615,0,2,0.846153846,2.307692308,0.846153846,1.153846154,0.384615385,0.846153846,1.230769231,Jonathan Parr,1/1/2014,,,
212,es,Juan,Torres Ruiz,188,Cardiff,25,180,76,Defender,7,630,6.837142857,2,0,1,0.142857143,0.142857143,0.571428571,0.428571429,0.142857143,0.714285714,Jonathan Walters,1/1/2014,,,
35,es,Juan,Mata,32,Manchester United,26,170,63,Midfielder,15,1237,7.31,6,4,1.933333333,2.266666667,0.866666667,1.733333333,0.533333333,3,0.933333333,Jonathan Williams,1/1/2014,,,
225,ar,Julian,Speroni,162,Crystal Palace,35,186,87,Goalkeeper,37,3330,6.816756757,0,0,0,0.081081081,0.027027027,0.135135135,0,0,0.027027027,Jonjo Shelvey,1/1/2014,,,
152,fi,Jussi,Jääskeläinen,29,West Ham,39,191,81,Goalkeeper,18,1620,6.949444444,0,1,0,0.055555556,0,0.055555556,0,0,0,Jonny Evans,1/1/2014,,,
369,za,Kagisho,Dikgacoi,162,Crystal Palace,30,180,76,Midfielder,26,2010,6.552307692,0,0,0.730769231,0.615384615,0.307692308,0.5,0,0.576923077,0.730769231,Jordan Bowery,1/1/2014,,,
340,ma,Karim,El Ahmadi,24,Aston Villa,29,185,78,Midfielder,31,2203,6.619677419,2,1,1,0.612903226,0.129032258,0.387096774,0.032258065,0.677419355,0.967741935,Jordan Henderson,1/1/2014,,,
457,ie,Keiren,Westwood,16,Sunderland,30,188,86,Goalkeeper,10,854,6.353,0,0,0,0.1,0,0.1,0,0.1,0,Jordi Amat,1/1/2014,,,
550,eng,Kelvin,Davis,18,Southampton,38,185,74,Goalkeeper,2,180,6.005,0,0,0,0,0,0,0,0,0,Jordon Ibe,1/1/2014,,,
357,tt,Kenwyne,Jones,188,Cardiff,30,188,84,Forward,11,586,6.586363636,1,1,1.636363636,0.909090909,0.181818182,0.636363636,0.181818182,1.636363636,1.545454545,Jordon Mutch,1/1/2014,,,
404,tt,Kenwyne,Jones,96,Stoke,30,188,84,Forward,7,384,6.488571429,0,0,1.285714286,0.285714286,0.714285714,0.714285714,0.285714286,1.714285714,1.285714286,Jores Okore,1/1/2014,,,
92,be,Kevin,Mirallas,31,Everton,27,179,68,Midfielder,32,2349,7.1021875,9,7,2.53125,1.875,1.40625,1.03125,0.625,1.6875,1.34375,Jos Hooiveld,1/1/2014,,,
268,eng,Kevin,Nolan,29,West Ham,32,183,85,Midfielder,33,2764,6.739090909,7,5,1.484848485,0.939393939,0.242424242,0.545454545,0.515151515,1.212121212,1.060606061,Jose Fonte,1/1/2014,,,
339,be,Kevin,De Bruyne,15,Chelsea,23,181,76,Midfielder,3,134,6.62,0,1,1.333333333,1,0.333333333,0,0,1,1.333333333,Joseph Yobo,1/1/2014,,,
455,sct,Kevin,McNaughton,188,Cardiff,32,178,66,Defender,5,283,6.356,0,0,0,0.6,0.2,0,0.2,0.2,0,Josh Murphy,1/1/2014,,,
542,eng,Kevin,Phillips,162,Crystal Palace,41,170,69,Forward,4,76,6.0325,0,0,0.75,0.5,0,0.5,0.25,0.5,0.5,Jozy Altidore,1/1/2014,,,
241,fr,Kévin,Théophile-Catherine,188,Cardiff,25,183,85,Defender,28,2357,6.783571429,0,0,0.357142857,0.392857143,0.714285714,0.892857143,0,1.571428571,0.857142857,Juan Torres Ruiz,1/1/2014,,,
111,eng,Kieran,Gibbs,13,Arsenal,25,178,70,Defender,28,2133,7.057857143,0,1,0.285714286,0.464285714,0.678571429,0.392857143,0,0.285714286,0.285714286,Juan Mata,1/1/2014,,,
242,eng,Kieran,Richardson,170,Fulham,30,173,71,Midfielder,31,2394,6.782903226,4,3,0.870967742,0.709677419,0.516129032,0.516129032,0.129032258,0.967741935,0.741935484,Juan Mata,1/1/2014,,,
300,se,Kim,Källström,13,Arsenal,32,185,82,Midfielder,3,129,6.68,0,0,1,0,0,0,0,0,0.333333333,Julian Speroni,1/1/2014,,,
166,ci,Kolo,Touré,26,Liverpool,33,183,74,Defender,20,1439,6.9145,0,2,0.35,0.35,0.5,0.05,0.05,0.1,0.45,Jussi Jaaskelainen,1/1/2014,,,
505,gr,Kostas,Mitroglou,170,Fulham,26,188,86,Forward,3,151,6.196666667,0,0,2.333333333,0,0,0,0.666666667,0.666666667,1.333333333,Kagisho Dikgacoi,1/1/2014,,,
110,eng,Kyle,Walker,30,Tottenham,24,178,70,Defender,26,2300,7.060384615,1,2,0.653846154,1.192307692,0.846153846,1.192307692,0.038461538,1.307692308,0.615384615,Karim El Ahmadi,1/1/2014,,,
216,eng,Kyle,Bartley,259,Swansea,23,185,76,Defender,2,91,6.835,0,0,0,0,0,0,0,0,0,Keiren Westwood,1/1/2014,,,
291,eng,Kyle,Naughton,30,Tottenham,26,175,73,Defender,22,1748,6.704545455,0,0,0.409090909,0.636363636,0.409090909,0.590909091,0,1.181818182,0.318181818,Kelvin Davis,1/1/2014,,,
553,ci,Lacina,Traoré,31,Everton,24,203,87,Forward,1,1,6,0,0,0,0,0,1,0,1,0,Kenwyne Jones,1/1/2014,,,
498,eng,Larnell,Cole,170,Fulham,21,168,63,Midfielder,1,10,6.22,0,0,0,1,0,0,0,1,0,Kenwyne Jones,1/1/2014,,,
29,fr,Laurent,Koscielny,13,Arsenal,29,186,75,Defender,32,2766,7.34625,2,0,0.40625,0.09375,0.125,0.53125,0,0.25,0.25,Kevin De Bruyne,1/1/2014,,,
254,nl,Leandro,Bacuna,24,Aston Villa,23,187,77,Defender,35,2599,6.761714286,5,1,1.057142857,0.285714286,0.485714286,0.342857143,0.028571429,0.914285714,1.085714286,Kevin McNaughton,1/1/2014,,,
311,eng,Lee,Cattermole,16,Sunderland,26,178,76,Midfielder,24,1811,6.667916667,1,0,0.541666667,0.5,0.25,0.958333333,0,0.833333333,0.833333333,Kevin Mirallas,1/1/2014,,,
47,eng,Leighton,Baines,31,Everton,29,170,74,Defender,32,2841,7.2528125,5,4,0.65625,1.53125,1.03125,1.75,0.3125,0.75,0.90625,Kevin Nolan,1/1/2014,,,
205,eng,Leon,Osman,31,Everton,33,173,67,Midfielder,38,2195,6.849736842,3,5,1.315789474,0.710526316,0.736842105,0.736842105,0.026315789,1.263157895,0.657894737,Kevin Phillips,1/1/2014,,,
256,eng,Leon,Britton,259,Swansea,32,168,64,Midfielder,25,2026,6.7576,0,1,0.16,0.36,0.76,0.84,0,0.72,0.84,Kieran Gibbs,1/1/2014,,,
183,nl,Leroy,Fer,168,Norwich,24,188,79,Midfielder,29,2478,6.886551724,3,1,1.379310345,1.034482759,1.172413793,1.24137931,0,2.172413793,1.24137931,Kieran Richardson,1/1/2014,,,
557,eng,Leroy,Lita,259,Swansea,29,170,75,Forward,2,34,5.945,0,0,0,0,0,0,0.5,0.5,0,Kim Kallstrom,1/1/2014,,,
136,de,Lewis,Holtby,170,Fulham,24,176,72,Midfielder,13,929,6.993846154,1,3,1.538461538,1.615384615,1.153846154,1.153846154,0.076923077,1.538461538,1.461538462,Kolo Toure,1/1/2014,,,
301,de,Lewis,Holtby,30,Tottenham,24,176,72,Midfielder,13,574,6.678461538,1,0,1.538461538,1.307692308,0.461538462,0.461538462,0,1.384615385,0.692307692,Kostas Mitroglou,1/1/2014,,,
192,eng,Liam,Rosenior,214,Hull,30,178,72,Defender,29,1994,6.866551724,1,2,0.310344828,0.655172414,0.655172414,0.517241379,0,0.586206897,0.620689655,Kyle Bartley,1/1/2014,,,
275,eng,Liam,Ridgewell,175,West Bromwich Albion,30,188,80,Defender,33,2872,6.725151515,1,2,0.060606061,0.484848485,0.242424242,1.727272727,0.090909091,0.727272727,0.727272727,Kyle Naughton,1/1/2014,,,
407,sct,Liam,Bridcutt,16,Sunderland,25,175,73,Midfielder,12,848,6.486666667,0,0,0.25,0.666666667,0.416666667,0.916666667,0,0.416666667,0.583333333,Kyle Walker,1/1/2014,,,
534,eng,Liam,O'Neil,175,West Bromwich Albion,21,181,80,Defender,3,15,6.066666667,0,0,0,0,0,0,0,0,0,Lacina Traore,1/1/2014,,,
350,cz,Libor,Kozák,24,Aston Villa,25,192,84,Forward,14,786,6.597142857,4,0,0.785714286,0.571428571,0.357142857,1,0.571428571,1.214285714,1.571428571,Larnell Cole,1/1/2014,,,
74,fr,Loïc,Remy,23,Newcastle United,27,185,80,Forward,26,2120,7.148076923,14,3,3.461538462,1.192307692,1.115384615,1.038461538,1.230769231,1.384615385,2.115384615,Laurent Koscielny,1/1/2014,,,
99,br,Lucas,Leiva,26,Liverpool,27,179,74,Midfielder,27,1878,7.084814815,0,0,0.333333333,0.481481481,0.222222222,0.518518519,0.037037037,0.37037037,0.518518519,Leandro Bacuna,1/1/2014,,,
514,ar,Luciano,Becchio,168,Norwich,30,187,86,Forward,5,54,6.14,0,0,0.2,0.2,0.2,0.4,0,0.6,0,Lee Cattermole,1/1/2014,,,
1,uy,Luis,Suárez,26,Liverpool,27,181,81,Forward,33,2966,8.432121212,31,12,5.484848485,2.666666667,2.818181818,2.03030303,1,1.818181818,2.757575758,Leighton Baines,1/1/2014,,,
348,pt,Luís,Almeida da Cunha,32,Manchester United,28,175,66,Midfielder,11,566,6.599090909,0,0,1.545454545,1,2.272727273,0.818181818,0.272727273,1.454545455,1.818181818,Leon Britton,1/1/2014,,,
490,es,Luis Alberto,Romero Alconchel,26,Liverpool,22,182,72,Midfielder,9,135,6.236666667,0,1,0.333333333,0.333333333,0.444444444,0,0,0.444444444,0.333333333,Leon Osman,1/1/2014,,,
155,ec,Luis Antonio,Valencia,32,Manchester United,29,181,78,Midfielder,29,1944,6.94,2,3,0.551724138,0.931034483,0.965517241,0.793103448,0.172413793,0.896551724,1.103448276,Leroy Fer,1/1/2014,,,
139,de,Lukas,Podolski,13,Arsenal,29,182,83,Forward,20,1184,6.9875,8,2,2.05,0.4,0.3,0.55,0.25,0.9,0.9,Leroy Lita,1/1/2014,,,
4,pl,Lukasz,Fabianski,13,Arsenal,29,190,83,Goalkeeper,1,90,7.9,0,0,0,0,0,0,0,0,0,Lewis Holtby,1/1/2014,,,
421,eng,Luke,Daniels,175,West Bromwich Albion,26,185,81,Goalkeeper,1,12,6.45,0,0,0,0,0,0,0,0,0,Lewis Holtby,1/1/2014,,,
554,eng,Luke,Garbutt,31,Everton,21,179,73,Defender,1,1,6,0,0,0,0,0,0,0,0,0,Liam Bridcutt,1/1/2014,,,
69,eng,Luke,Shaw,18,Southampton,19,185,75,Defender,35,2998,7.165428571,0,1,0.685714286,1,1.6,1.285714286,0,1.285714286,0.942857143,Liam O'Neil,1/1/2014,,,
389,nl,Luuk,de Jong,23,Newcastle United,24,188,86,Forward,12,679,6.515833333,0,1,1.416666667,1.083333333,0.333333333,1.166666667,0,1.583333333,1.583333333,Liam Ridgewell,1/1/2014,,,
327,nl,Maarten,Stekelenburg,170,Fulham,32,197,92,Goalkeeper,19,1684,6.642631579,0,0,0,0.052631579,0.052631579,0.052631579,0,0,0.105263158,Liam Rosenior,1/1/2014,,,
304,no,Magnus,Wolff Eikrem,188,Cardiff,24,173,69,Midfielder,6,198,6.675,0,1,1,2.166666667,0.166666667,0.5,0,0,0,Libor Kozak,1/1/2014,,,
387,ml,Mahamadou,Diarra,170,Fulham,33,182,80,Midfielder,4,341,6.5175,0,0,0.25,0.75,0,0.75,0,0.5,0.75,Lucas Leiva,1/1/2014,,,
116,fr,Mamadou,Sakho,26,Liverpool,24,187,83,Defender,18,1484,7.049444444,1,0,0.555555556,0.111111111,0.333333333,0.444444444,0,0.555555556,0.555555556,Luciano Becchio,1/1/2014,,,
293,fr,Mapou,Yanga-Mbiwa,23,Newcastle United,25,184,77,Defender,23,1551,6.70173913,0,0,0.173913043,0.130434783,0.565217391,0.47826087,0,0.347826087,0.217391304,Luis Suarez,1/1/2014,,,
228,eng,Marc,Albrighton,24,Aston Villa,25,175,67,Midfielder,19,971,6.813157895,0,4,1.315789474,1.842105263,1.263157895,0.842105263,0.157894737,0.842105263,1.105263158,Lukas Podolski,1/1/2014,,,
253,es,Marc,Muniesa,96,Stoke,22,179,72,Defender,13,829,6.766153846,0,0,0.230769231,0.153846154,0.769230769,0.461538462,0,0.384615385,0.538461538,Lukasz Fabianski,1/1/2014,,,
264,ie,Marc,Wilson,96,Stoke,27,188,80,Defender,33,2740,6.746969697,0,0,0.424242424,0.242424242,0.606060606,0.212121212,0.03030303,0.515151515,0.454545455,Luke Daniels,1/1/2014,,,
474,it,Marco,Borriello,29,West Ham,32,180,73,Forward,2,90,6.275,0,0,0.5,0,0.5,1,0,2.5,1,Luke Garbutt,1/1/2014,,,
529,nl,Marco,Van Ginkel,15,Chelsea,22,186,82,Midfielder,2,11,6.09,0,0,0,0,0,0,0,0,0,Luke Shaw,1/1/2014,,,
30,es,Marcos,Alonso,16,Sunderland,23,188,81,Defender,16,1440,7.344375,0,1,1.5625,1.125,1,1.5625,0.0625,0.875,0.75,Luuk de Jong,1/1/2014,,,
134,au,Mark,Schwarzer,15,Chelsea,42,194,95,Goalkeeper,4,360,6.995,0,0,0,0,0,0,0,0,0,Maarten Stekelenburg,1/1/2014,,,
62,eng,Mark,Hudson,188,Cardiff,32,185,78,Defender,2,149,7.205,0,0,1.5,0,0,1,0,0,0,Magnus Wolff Eikrem,1/1/2014,,,
82,eng,Mark,Noble,29,West Ham,27,180,70,Midfielder,38,3356,7.132631579,3,4,0.552631579,1.473684211,0.947368421,1.052631579,0.026315789,0.868421053,0.789473684,Mahamadou Diarra,1/1/2014,,,
121,at,Marko,Arnautovic,96,Stoke,25,192,83,Forward,30,2268,7.028333333,4,7,2.4,1.6,1.333333333,0.9,0.333333333,1.466666667,1.5,Mamadou Sakho,1/1/2014,,,
547,se,Markus,Rosenberg,175,West Bromwich Albion,32,185,80,Forward,4,92,6.0125,0,0,0.25,0.5,0,0.25,0.5,0.75,0,Mapou Yanga-Mbiwa,1/1/2014,,,
8,be,Marouane,Fellaini,31,Everton,27,194,85,Midfielder,3,270,7.75,0,0,1.666666667,1,0,0.666666667,0.333333333,3,0.666666667,Marc Albrighton,1/1/2014,,,
157,ma,Marouane,Chamakh,162,Crystal Palace,30,185,70,Forward,32,2331,6.9371875,5,2,0.53125,1.0625,0.78125,1.71875,0.375,1.75,1.71875,Marc Muniesa,1/1/2014,,,
58,be,Marouane,Fellaini,32,Manchester United,27,194,85,Midfielder,16,1111,7.210625,0,1,1.5625,0.3125,0.5625,1.125,0.1875,1.375,0.8125,Marc Wilson,1/1/2014,,,
18,sk,Martin,Skrtel,26,Liverpool,29,191,81,Defender,36,3223,7.4525,7,1,0.416666667,0.194444444,0.277777778,0.333333333,0.027777778,0.055555556,0.305555556,Marco Borriello,1/1/2014,,,
295,se,Martin,Olsson,168,Norwich,26,170,81,Defender,34,2966,6.693823529,0,1,0.411764706,0.441176471,0.5,0.970588235,0.029411765,0.558823529,0.735294118,Marco Van Ginkel,1/1/2014,,,
486,eng,Martin,Kelly,26,Liverpool,24,191,77,Defender,5,107,6.24,0,0,0,0,0,0,0,0.2,0,Marcos Alonso,1/1/2014,,,
24,ar,Martín,Demichelis,167,Manchester City,33,184,80,Defender,27,2430,7.397777778,2,1,0.592592593,0.185185185,0.111111111,0.185185185,0,0.111111111,0.222222222,Mark Hudson,1/1/2014,,,
460,nl,Marvin,Emnes,259,Swansea,26,180,66,Forward,7,138,6.344285714,1,0,0.142857143,0.428571429,0.428571429,0.714285714,0.142857143,0.428571429,1,Mark Noble,1/1/2014,,,
433,sn,Massadio,Haidara,23,Newcastle United,22,181,76,Defender,11,426,6.408181818,0,0,0.272727273,0.181818182,0.545454545,0.545454545,0,0.727272727,0.545454545,Mark Schwarzer,1/1/2014,,,
467,cz,Matej,Vydra,175,West Bromwich Albion,22,180,71,Forward,23,676,6.311304348,3,3,0.47826087,0.391304348,0.173913043,0.652173913,0.217391304,0.869565217,1.043478261,Marko Arnautovic,1/1/2014,,,
20,fr,Mathieu,Debuchy,23,Newcastle United,29,177,76,Defender,29,2527,7.428275862,1,3,1.206896552,0.793103448,0.551724138,0.793103448,0.172413793,0.517241379,0.965517241,Markus Rosenberg,1/1/2014,,,
324,fr,Mathieu,Flamini,13,Arsenal,30,178,67,Midfielder,27,1624,6.647037037,2,0,0.666666667,0.259259259,0.185185185,0.666666667,0.037037037,0.481481481,0.62962963,Marouane Chamakh,1/1/2014,,,
146,rs,Matija,Nastasic,167,Manchester City,21,187,79,Defender,13,1028,6.963076923,0,0,0.384615385,0.076923077,0,0.384615385,0,0.153846154,0.307692308,Marouane Fellaini,1/1/2014,,,
441,None,Mats,Daehli,188,Cardiff,19,177,72,Forward,13,630,6.383076923,1,0,0.461538462,0.384615385,1,0.461538462,0,0.923076923,0.461538462,Marouane Fellaini,1/1/2014,,,
127,eng,Matthew,Connolly,188,Cardiff,27,188,84,Defender,3,270,7.013333333,0,0,0.666666667,0.333333333,0.666666667,0.333333333,0,0,0,Martin Kelly,1/1/2014,,,
261,eng,Matthew,Briggs,170,Fulham,23,184,76,Defender,2,87,6.75,0,0,0.5,0,0.5,0.5,0,0.5,0.5,Martin Olsson,1/1/2014,,,
341,eng,Matthew,Taylor,29,West Ham,33,178,73,Midfielder,20,1419,6.618,0,0,0.7,0.4,0.3,0.75,0,0.7,0.65,Martin Skrtel,1/1/2014,,,
372,eng,Matthew,Lowton,24,Aston Villa,25,180,78,Defender,23,1666,6.548695652,0,3,0.086956522,0.652173913,0.173913043,0.391304348,0,0.347826087,0.52173913,Marvin Emnes,1/1/2014,,,
415,eng,Matthew,Jarvis,29,West Ham,28,173,70,Midfielder,32,1969,6.4628125,2,3,0.46875,1,0.59375,0.625,0.25,0.71875,0.6875,Massadio Haidara,1/1/2014,,,
418,eng,Matthew,Etherington,96,Stoke,33,178,67,Midfielder,11,427,6.455454545,0,0,0,1,0.818181818,0.181818182,0,1.181818182,0.454545455,Matej Vydra,1/1/2014,,,
479,eng,Matty,Fryatt,214,Hull,28,178,70,Forward,10,219,6.259,2,0,0.6,0.1,0.4,0.4,0.3,1,0.7,Mathieu Debuchy,1/1/2014,,,
138,jp,Maya,Yoshida,18,Southampton,26,189,78,Defender,8,632,6.98875,1,0,0.375,0.125,0,0.5,0,0,0.125,Mathieu Flamini,1/1/2014,,,
190,hn,Maynor,Figueroa,214,Hull,31,182,85,Defender,32,2722,6.8715625,0,0,0.65625,0.34375,0.4375,1.21875,0,0.5,0.84375,Matija Nastasic,1/1/2014,,,
39,de,Mesut,Özil,13,Arsenal,26,183,76,Midfielder,26,2159,7.284230769,5,9,1.153846154,2.923076923,1.730769231,0.961538462,0.423076923,1.307692308,1.807692308,Mats Daehli,1/1/2014,,,
100,eng,Micah,Richards,167,Manchester City,26,180,82,Defender,2,162,7.08,0,0,1,0,1,0,0,0.5,0,Matthew Briggs,1/1/2014,,,
108,eng,Michael,Carrick,32,Manchester United,33,188,74,Midfielder,29,2414,7.062413793,1,0,0.586206897,0.965517241,0.206896552,0.75862069,0,0.482758621,0.413793103,Matthew Connolly,1/1/2014,,,
119,eng,Michael,Williamson,23,Newcastle United,31,191,84,Defender,33,2913,7.04030303,0,0,0.303030303,0.363636364,0.121212121,0.393939394,0,0.151515152,0.121212121,Matthew Etherington,1/1/2014,,,
189,eng,Michael,Turner,168,Norwich,31,193,84,Defender,22,1945,6.872272727,0,0,0.090909091,0.272727273,0.090909091,0.454545455,0.045454545,0.090909091,0.227272727,Matthew Jarvis,1/1/2014,,,
446,gh,Michael,Essien,15,Chelsea,32,183,78,Midfielder,5,148,6.372,0,0,0.6,0,1.4,0.4,0.2,0.4,0.4,Matthew Lowton,1/1/2014,,,
68,eng,Michael,Dawson,30,Tottenham,31,188,76,Defender,32,2840,7.16625,0,0,0.53125,0.21875,0.0625,0.4375,0.03125,0.15625,0.34375,Matthew Taylor,1/1/2014,,,
396,nl,Michel,Vorm,259,Swansea,31,183,84,Goalkeeper,26,2340,6.503461538,0,0,0,0,0,0.230769231,0,0.038461538,0.038461538,Matty Fryatt,1/1/2014,,,
217,es,Miguel,Perez Cuesta,259,Swansea,28,191,76,Forward,17,1294,6.834705882,2,2,2.470588235,1.470588235,0.470588235,1.235294118,0.647058824,0.352941176,0.705882353,Maya Yoshida,1/1/2014,,,
79,es,Mikel,Arteta,13,Arsenal,32,183,64,Midfielder,31,2435,7.141290323,2,0,0.387096774,0.612903226,0.548387097,1.161290323,0,0.387096774,0.419354839,Maynor Figueroa,1/1/2014,,,
14,au,Mile,Jedinak,162,Crystal Palace,30,189,81,Midfielder,38,3392,7.548421053,1,1,0.868421053,0.894736842,0.342105263,1.157894737,0.026315789,0.368421053,0.447368421,Mesut Ozil,1/1/2014,,,
499,rs,Milos,Veljkovic,30,Tottenham,19,173,69,Defender,2,30,6.22,0,0,0,0.5,0,0,0,0,0,Micah Richards,1/1/2014,,,
519,hr,Mladen,Petric,29,West Ham,33,184,81,Forward,3,65,6.123333333,0,0,0,0.333333333,0.333333333,0.666666667,0,0.666666667,0,Michael Carrick,1/1/2014,,,
163,fr,Modibo,Diakité,16,Sunderland,27,192,84,Defender,7,630,6.927142857,0,0,0.428571429,0,0.285714286,1.428571429,0.142857143,0,0.285714286,Michael Dawson,1/1/2014,,,
202,ml,Modibo,Maiga,29,West Ham,27,185,76,Forward,14,1012,6.855714286,1,2,1.785714286,0.857142857,0.285714286,0.357142857,0.714285714,1,1.214285714,Michael Essien,1/1/2014,,,
187,eg,Mohamed,Salah,15,Chelsea,22,175,72,Midfielder,10,504,6.882,2,1,2.1,0.9,1.6,1.4,0.1,1.8,1,Michael Turner,1/1/2014,,,
197,sn,Mohamed,Diamé,29,West Ham,27,184,80,Midfielder,35,2499,6.859142857,4,2,1.714285714,0.6,2.057142857,0.971428571,0.028571429,1.857142857,1.8,Michael Williamson,1/1/2014,,,
541,eg,Mohamed,Nagy,214,Hull,30,184,78,Midfielder,2,30,6.04,0,0,0.5,0,0,0,0,0.5,0.5,Michel Vorm,1/1/2014,,,
173,fr,Morgan,Amalfitano,175,West Bromwich Albion,29,176,68,Midfielder,28,2170,6.905714286,4,3,0.964285714,1.607142857,1.5,0.964285714,0.392857143,1.785714286,1.214285714,Miguel Perez Cuesta,1/1/2014,,,
61,fr,Morgan,Schneiderlin,18,Southampton,25,181,75,Midfielder,33,2769,7.206969697,2,1,0.939393939,0.909090909,0.636363636,0.939393939,0.090909091,0.909090909,0.939393939,Mikel Arteta,1/1/2014,,,
71,be,Mousa,Dembélé,30,Tottenham,27,185,82,Midfielder,28,1835,7.156071429,1,1,0.5,1.142857143,2.392857143,1.035714286,0,1.678571429,0.607142857,Mile Jedinak,1/1/2014,,,
98,fr,Moussa,Sissoko,23,Newcastle United,25,187,83,Midfielder,35,3040,7.087142857,3,6,1.257142857,2.2,2.085714286,0.914285714,0.2,2.057142857,1.342857143,Milos Veljkovic,1/1/2014,,,
478,fr,Moussa,Dembele,170,Fulham,18,183,73,Forward,2,89,6.26,0,0,1.5,0.5,0,0,1,0.5,0.5,Mladen Petric,1/1/2014,,,
511,se,Muamer,Tankovic,170,Fulham,19,180,74,Forward,3,60,6.16,0,0,0.333333333,0.333333333,0,0.333333333,0,1.333333333,0.666666667,Modibo Diakite,1/1/2014,,,
306,dz,Nabil,Bentaleb,30,Tottenham,20,187,68,Midfielder,15,1070,6.674,0,1,1.066666667,0.533333333,0.333333333,0.666666667,0,0.866666667,0.666666667,Modibo Maiga,1/1/2014,,,
294,be,Nacer,Chadli,30,Tottenham,25,187,80,Midfielder,24,1465,6.694166667,1,3,1.375,1.291666667,1.041666667,0.5,0.083333333,1.333333333,1.166666667,Mohamed Diame,1/1/2014,,,
289,es,Nacho,Monreal,13,Arsenal,28,178,72,Defender,23,1181,6.705652174,0,1,0.173913043,0.47826087,0.347826087,0.52173913,0.130434783,0.391304348,0.304347826,Mohamed Nagy,1/1/2014,,,
206,eng,Nathan,Redmond,168,Norwich,20,173,69,Midfielder,34,2170,6.845294118,1,3,1.941176471,1.029411765,1.676470588,1.088235294,0.117647059,1.294117647,1.176470588,Mohamed Salah,1/1/2014,,,
230,eng,Nathan,Dyer,259,Swansea,27,165,60,Midfielder,27,1760,6.805555556,6,2,1.296296296,0.962962963,1.407407407,1.592592593,0.111111111,1.222222222,1.62962963,Morgan Amalfitano,1/1/2014,,,
322,eng,Nathan,Baker,24,Aston Villa,23,188,75,Defender,30,2482,6.649,0,0,0.4,0.1,0,0.466666667,0.066666667,0.066666667,0.133333333,Morgan Schneiderlin,1/1/2014,,,
515,nl,Nathan,Aké,15,Chelsea,19,180,75,Defender,1,11,6.14,0,0,0,0,0,0,0,0,0,Mousa Dembele,1/1/2014,,,
154,eng,Nathaniel,Clyne,18,Southampton,23,175,67,Defender,25,1864,6.942,0,4,0.16,1.12,0.8,0.4,0,0.88,0.76,Moussa Dembele,1/1/2014,,,
358,wls,Neil,Taylor,259,Swansea,25,175,65,Defender,10,591,6.584,0,1,0.3,0.5,0.3,0.4,0,0.4,0.2,Moussa Sissoko,1/1/2014,,,
11,rs,Nemanja,Matic,15,Chelsea,26,194,84,Midfielder,17,1365,7.634705882,0,4,0.764705882,1.352941176,1.411764706,0.705882353,0.058823529,1.058823529,1,Muamer Tankovic,1/1/2014,,,
63,rs,Nemanja,Vidic,32,Manchester United,33,189,84,Defender,25,2097,7.2016,0,0,0.64,0.2,0.08,0.52,0,0.04,0.24,Nabil Bentaleb,1/1/2014,,,
556,eng,Nicholas,Maynard,188,Cardiff,27,180,70,Forward,8,122,5.9875,0,0,0.5,0.125,0.125,0.25,0,0.375,0.5,Nacer Chadli,1/1/2014,,,
544,de,Nick,Proschwitz,214,Hull,28,192,85,Forward,2,23,6.03,0,0,0.5,0.5,0,0,0,0,1,Nacho Monreal,1/1/2014,,,
429,dk,Nicklas,Bendtner,13,Arsenal,26,194,89,Forward,9,158,6.421111111,2,0,0.888888889,0.444444444,0.111111111,0,0.444444444,0.111111111,0.222222222,Nathan Baker,1/1/2014,,,
530,dk,Nicklas,Helenius Jensen,24,Aston Villa,23,195,80,Forward,3,49,6.09,0,0,0.333333333,0.333333333,0.333333333,0,0,0.333333333,1,Nathan Dyer,1/1/2014,,,
381,fr,Nicolas,Anelka,175,West Bromwich Albion,35,185,77,Forward,12,866,6.529166667,2,0,1.25,1.166666667,0.583333333,0.833333333,1.416666667,1.666666667,1.416666667,Nathan Ake,1/1/2014,,,
277,hr,Nikica,Jelavic,214,Hull,29,187,84,Forward,16,1328,6.724375,5,0,3.4375,0.3125,0.5,0.9375,1.1875,1.3125,1.5625,Nathan Redmond,1/1/2014,,,
423,hr,Nikica,Jelavic,31,Everton,29,187,84,Forward,9,383,6.447777778,0,1,1.888888889,0.666666667,0.333333333,0.444444444,0.666666667,1.111111111,0.666666667,Nathaniel Clyne,1/1/2014,,,
26,fr,Olivier,Giroud,13,Arsenal,28,192,88,Forward,36,3095,7.358888889,16,8,3.111111111,1.027777778,0.694444444,1.611111111,0.805555556,2.222222222,2.722222222,Neil Taylor,1/1/2014,,,
439,cz,Ondrej,Celustka,16,Sunderland,25,185,79,Defender,21,1335,6.388571429,0,0,0.333333333,0.142857143,0.19047619,0.333333333,0,0.619047619,0.571428571,Nemanja Matic,1/1/2014,,,
118,br,Oscar,dos Santos Emboaba Junior,15,Chelsea,23,179,67,Midfielder,33,2160,7.041212121,8,2,2.151515152,1.484848485,0.757575758,0.787878788,0.121212121,1.181818182,1.303030303,Nemanja Vidic,1/1/2014,,,
236,ma,Oussama,Assaidi,96,Stoke,26,172,65,Midfielder,19,1117,6.795789474,4,0,1.052631579,1,1.421052632,0.631578947,0.684210526,1.736842105,1.157894737,Nicholas Maynard,1/1/2014,,,
480,eng,Owen,Garvan,162,Crystal Palace,26,183,67,Midfielder,2,94,6.255,0,0,0.5,0.5,0,0,0,0.5,0,Nick Proschwitz,1/1/2014,,,
267,es,Pablo,Hernandez Dominguez,259,Swansea,29,173,64,Midfielder,27,1445,6.739259259,2,7,1.111111111,1.222222222,0.888888889,0.62962963,0.074074074,0.888888889,1.222222222,Nicklas Bendtner,1/1/2014,,,
459,co,Pablo,Armero,29,West Ham,28,174,73,Defender,5,322,6.35,0,0,0.2,0.6,0.2,0.6,0,0.2,0.4,Nicklas Helenius Jensen,1/1/2014,,,
48,ar,Pablo,Zabaleta,167,Manchester City,29,174,74,Defender,35,3079,7.25,1,6,0.6,0.914285714,0.2,0.914285714,0,0.685714286,0.6,Nicolas Anelka,1/1/2014,,,
353,it,Pablo Daniel,Osvaldo,18,Southampton,28,182,81,Forward,13,860,6.588461538,3,0,2.153846154,0.461538462,0.769230769,0.538461538,1.153846154,2.230769231,1.692307692,Nikica Jelavic,1/1/2014,,,
288,ch,Pajtim,Kasami,170,Fulham,22,187,70,Midfielder,29,1810,6.707931034,3,0,1.896551724,0.620689655,1.034482759,1.482758621,0.310344828,1.965517241,1.517241379,Nikica Jelavic,1/1/2014,,,
430,sn,Papiss Demba,Cissé,23,Newcastle United,29,183,73,Forward,24,1392,6.420833333,2,2,2.041666667,0.708333333,0.375,0.416666667,0.791666667,1.666666667,2.041666667,Olivier Giroud,1/1/2014,,,
33,fr,Patrice,Evra,32,Manchester United,33,173,76,Defender,33,2888,7.321212121,1,3,0.575757576,1.151515152,0.787878788,0.939393939,0.363636364,0.757575758,0.636363636,Ondrej Celustka,1/1/2014,,,
500,ie,Patrick,McCarthy,162,Crystal Palace,31,185,79,Defender,1,26,6.22,0,0,1,0,0,0,0,0,0,Oscar dos Santos Emboaba Junior,1/1/2014,,,
240,wls,Paul,Dummett,23,Newcastle United,23,178,65,Defender,18,1141,6.788333333,1,0,0.666666667,0.555555556,0.5,0.166666667,0,0.055555556,0.277777778,Oussama Assaidi,1/1/2014,,,
333,ie,Paul,McShane,214,Hull,28,183,72,Defender,10,689,6.633,0,0,0.3,0.1,0,0.6,0,0.2,0.2,Owen Garvan,1/1/2014,,,
491,es,Paulo,Gazzaniga,18,Southampton,22,196,90,Goalkeeper,8,662,6.2325,0,0,0,0.125,0,0.125,0,0,0,Pablo Armero,1/1/2014,,,
65,de,Per,Mertesacker,13,Arsenal,30,198,90,Defender,35,3150,7.184857143,2,0,0.542857143,0.057142857,0.057142857,0.685714286,0.028571429,0.142857143,0.171428571,Pablo Hernandez Dominguez,1/1/2014,,,
193,eng,Peter,Whittingham,188,Cardiff,30,178,63,Midfielder,32,2664,6.8653125,3,5,1.4375,1.6875,0.5,0.53125,0.03125,1.03125,0.65625,Pablo Zabaleta,1/1/2014,,,
447,ng,Peter,Odemwingie,188,Cardiff,33,182,75,Forward,15,811,6.371333333,1,0,0.933333333,0.666666667,1.533333333,0.866666667,1.066666667,1.733333333,1,Pajtim Kasami,1/1/2014,,,
60,eng,Peter,Crouch,96,Stoke,33,201,75,Forward,34,2650,7.209411765,7,6,1.764705882,0.970588235,0.264705882,1.382352941,0.441176471,2.205882353,2.588235294,Patrice Evra,1/1/2014,,,
90,ng,Peter,Odemwingie,96,Stoke,33,182,75,Forward,15,1299,7.106,6,1,1.866666667,0.533333333,1.733333333,1.266666667,0.4,2.866666667,2.066666667,Patrick McCarthy,1/1/2014,,,
218,cz,Petr,Cech,15,Chelsea,32,196,90,Goalkeeper,34,3060,6.826176471,0,0,0,0.058823529,0.029411765,0.088235294,0,0,0,Paul Dummett,1/1/2014,,,
188,sct,Phil,Bardsley,16,Sunderland,29,180,74,Defender,26,2252,6.876153846,2,0,1.192307692,0.730769231,0.923076923,0.769230769,0.153846154,0.846153846,0.769230769,Paul McShane,1/1/2014,,,
45,eng,Phil,Jones,32,Manchester United,22,185,72,Defender,26,2179,7.257692308,1,2,0.461538462,0.576923077,0.307692308,1,0,0.423076923,0.461538462,Paulo Gazzaniga,1/1/2014,,,
46,eng,Phil,Jagielka,31,Everton,32,183,83,Defender,26,2317,7.255,0,1,0.576923077,0.230769231,0.153846154,0.730769231,0,0.115384615,0.192307692,Per Mertesacker,1/1/2014,,,
19,br,Philippe,Coutinho,26,Liverpool,22,171,71,Midfielder,33,2353,7.447272727,5,7,2.848484848,2.03030303,1.787878788,1.242424242,0.090909091,1.454545455,1.03030303,Peter Crouch,1/1/2014,,,
238,ch,Philippe,Senderos,170,Fulham,29,190,84,Defender,12,1028,6.793333333,1,1,0.416666667,0.166666667,0.083333333,0.333333333,0,0.166666667,0.166666667,Peter Odemwingie,1/1/2014,,,
103,br,Rafael Pereira,da Silva,32,Manchester United,24,173,80,Defender,19,1427,7.076842105,0,1,0.368421053,0.894736842,1,1.263157895,0.052631579,0.578947368,0.578947368,Peter Odemwingie,1/1/2014,,,
25,eng,Raheem,Sterling,26,Liverpool,19,170,69,Midfielder,33,2230,7.396969697,9,5,1.363636364,1.575757576,2.787878788,1.909090909,0.242424242,2,1.242424242,Peter Whittingham,1/1/2014,,,
106,br,Ramires,Santos do Nascimento,15,Chelsea,27,180,70,Midfielder,30,2611,7.071666667,1,2,1.7,1.133333333,1.1,1.933333333,0.233333333,0.9,1.366666667,Petr Cech,1/1/2014,,,
210,eng,Ravel,Morrison,29,West Ham,21,175,71,Midfielder,16,1157,6.84,3,2,1.3125,0.6875,2.0625,1.1875,0.0625,1.6875,1.125,Phil Bardsley,1/1/2014,,,
310,ro,Razvan,Rat,29,West Ham,33,178,72,Defender,15,1134,6.668666667,0,0,0.4,0.733333333,0,0.733333333,0,0.2,0.4,Phil Jagielka,1/1/2014,,,
549,wls,Rhys,Healey,188,Cardiff,19,180,72,Forward,1,14,6.01,0,0,0,0,0,0,0,0,4,Phil Jones,1/1/2014,,,
377,pt,Ricardo,Vaz Te,29,West Ham,28,189,80,Forward,8,261,6.54125,2,0,1.25,0.25,0.125,0.5,0.125,0.625,0.75,Philippe Coutinho,1/1/2014,,,
135,eng,Rickie,Lambert,18,Southampton,32,188,77,Forward,37,2829,6.994864865,13,10,2.783783784,1.459459459,0.243243243,0.486486486,0.756756757,1.594594595,1.432432432,Philippe Senderos,1/1/2014,,,
496,nl,Ricky,van Wolfswinkel,168,Norwich,25,185,70,Forward,25,1408,6.2232,1,1,1.28,0.48,0,0.64,0.28,0.8,1.32,Raheem Sterling,1/1/2014,,,
266,eng,Rio,Ferdinand,32,Manchester United,36,189,82,Defender,14,1128,6.742857143,0,0,0,0,0.214285714,0.214285714,0,0.357142857,0,Ramires Santos do Nascimento,1/1/2014,,,
315,ie,Robbie,Brady,214,Hull,22,176,71,Midfielder,16,899,6.66,3,1,0.6875,0.8125,0.75,1,0.0625,1.4375,0.875,Ravel Morrison,1/1/2014,,,
114,de,Robert,Huth,96,Stoke,30,191,80,Defender,12,1068,7.050833333,0,1,0.916666667,0.25,0.25,0.583333333,0.083333333,0.666666667,0.5,Razvan Rat,1/1/2014,,,
422,ie,Robert,Elliot,23,Newcastle United,28,190,98,Goalkeeper,2,180,6.45,0,0,0,0,0,0,0,0,0,Rhys Healey,1/1/2014,,,
435,si,Robert,Koren,214,Hull,34,173,71,Midfielder,22,1143,6.400909091,2,0,1.181818182,0.454545455,0.227272727,0.363636364,0.090909091,0.636363636,0.772727273,Ricardo Vaz Te,1/1/2014,,,
84,sct,Robert,Snodgrass,168,Norwich,27,182,82,Midfielder,30,2577,7.130333333,6,2,2.366666667,2.233333333,1.033333333,2.633333333,0.1,2.6,1.7,Rickie Lambert,1/1/2014,,,
376,es,Roberto,Soldado,30,Tottenham,29,179,72,Forward,28,1944,6.5425,6,5,2.071428571,1.035714286,0.357142857,1.035714286,0.285714286,1,1.178571429,Ricky van Wolfswinkel,1/1/2014,,,
107,nl,Robin,van Persie,32,Manchester United,31,183,71,Forward,21,1593,7.068571429,12,3,2.952380952,0.80952381,0.714285714,0.523809524,1.047619048,1.285714286,1.238095238,Rio Ferdinand,1/1/2014,,,
169,eng,Roger,Johnson,29,West Ham,31,191,70,Defender,4,272,6.9125,0,0,0.25,0,0,0.25,0,0,0.25,Robbie Brady,1/1/2014,,,
180,be,Roland,Lamah,259,Swansea,26,180,71,Midfielder,9,459,6.888888889,2,2,1.555555556,1.333333333,1.444444444,0.777777778,0,0.777777778,1.555555556,Robert Elliot,1/1/2014,,,
36,be,Romelu,Lukaku,31,Everton,21,190,94,Forward,31,2573,7.302258065,15,6,3.161290323,1.064516129,1.258064516,0.387096774,0.612903226,1.741935484,1.580645161,Robert Huth,1/1/2014,,,
523,be,Romelu,Lukaku,15,Chelsea,21,190,94,Forward,2,41,6.11,0,0,1.5,0,0,0.5,0,0,1,Robert Koren,1/1/2014,,,
158,nl,Ron,Vlaar,24,Aston Villa,29,189,80,Defender,32,2808,6.935625,0,1,0.3125,0.125,0.28125,0.375,0,0.21875,0.375,Robert Snodgrass,1/1/2014,,,
129,eng,Ross,Barkley,31,Everton,21,189,76,Midfielder,34,2302,7.006470588,6,0,2.294117647,0.764705882,2.411764706,1.911764706,0.117647059,1.676470588,1.088235294,Roberto Soldado,1/1/2014,,,
472,fr,Rudy,Gestede,188,Cardiff,26,193,86,Forward,3,50,6.276666667,0,0,0.333333333,0,0.333333333,0.333333333,0,1,0,Robin van Persie,1/1/2014,,,
383,sct,Russell,Martin,168,Norwich,28,183,74,Defender,31,2616,6.52516129,0,0,0.483870968,0.35483871,0.258064516,0.419354839,0.096774194,0.322580645,0.387096774,Roger Johnson,1/1/2014,,,
161,eng,Ryan,Shawcross,96,Stoke,27,191,76,Defender,37,3330,6.93027027,1,0,0.540540541,0.216216216,0.108108108,0.72972973,0.162162162,0.135135135,0.189189189,Roland Lamah,1/1/2014,,,
174,eng,Ryan,Bennett,168,Norwich,24,188,70,Defender,16,1348,6.89625,1,0,0.375,0.125,0,0.375,0,0.0625,0.125,Romelu Lukaku,1/1/2014,,,
249,eng,Ryan,Bertrand,15,Chelsea,25,179,85,Defender,1,65,6.77,0,0,0,0,2,0,0,0,0,Romelu Lukaku,1/1/2014,,,
402,wls,Ryan,Giggs,32,Manchester United,41,180,68,Midfielder,12,509,6.4925,0,0,0.416666667,0.75,0.583333333,0.083333333,0,0.916666667,0.333333333,Ron Vlaar,1/1/2014,,,
424,eng,Ryan,Bertrand,24,Aston Villa,25,179,85,Defender,16,1396,6.445,0,0,0.125,0.25,0.4375,1,0.0625,0.5,0.8125,Ross Barkley,1/1/2014,,,
445,eng,Ryan,Tunnicliffe,170,Fulham,21,183,80,Midfielder,3,167,6.376666667,0,1,0.333333333,1,0.333333333,0.333333333,0,0.666666667,0.333333333,Rudy Gestede,1/1/2014,,,
452,jp,Ryo,Miyaichi,13,Arsenal,21,183,71,Midfielder,1,17,6.36,0,0,0,0,1,0,0,1,1,Russell Martin,1/1/2014,,,
414,eng,Saido,Berahino,175,West Bromwich Albion,21,178,77,Forward,32,1412,6.4628125,5,1,1.78125,0.59375,0.5625,0.53125,0.34375,1.46875,1.375,Ryan Bennett,1/1/2014,,,
531,sct,Sam,Gallagher,18,Southampton,19,194,75,Forward,18,388,6.080555556,1,0,0.5,0.055555556,0.111111111,0.277777778,0.111111111,0.444444444,0.666666667,Ryan Bertrand,1/1/2014,,,
31,fr,Samir,Nasri,167,Manchester City,27,175,75,Midfielder,34,2517,7.331764706,7,7,1.411764706,2.676470588,1.264705882,0.794117647,0.205882353,1.676470588,0.970588235,Ryan Bertrand,1/1/2014,,,
401,eng,Sammy,Ameobi,23,Newcastle United,22,190,66,Forward,10,375,6.493,0,0,0.5,0.5,1.3,0.5,0,1,0.2,Ryan Giggs,1/1/2014,,,
104,cm,Samuel,Eto'o,15,Chelsea,33,179,75,Forward,21,1321,7.073809524,9,2,2.80952381,1.047619048,0.857142857,0.666666667,0.666666667,1.666666667,1,Ryan Shawcross,1/1/2014,,,
366,br,Sandro Ranieri,Guimaraes Cordeiro,30,Tottenham,25,187,75,Midfielder,17,837,6.556470588,1,0,1,0.470588235,0.294117647,0.411764706,0,0.529411765,0.529411765,Ryan Tunnicliffe,1/1/2014,,,
27,es,Santiago,Cazorla,13,Arsenal,29,168,66,Midfielder,31,2610,7.358064516,4,8,2.35483871,2.161290323,1.580645161,1.032258065,0.064516129,1.35483871,1.806451613,Ryo Miyaichi,1/1/2014,,,
388,ar,Santiago,Vergini,16,Sunderland,26,191,83,Defender,10,888,6.517,0,0,0.4,0.1,0.8,0.3,0,0.7,0.4,Saido Berahino,1/1/2014,,,
384,de,Sascha,Riether,170,Fulham,31,174,70,Defender,31,2649,6.524516129,0,2,0.064516129,0.870967742,0.290322581,0.35483871,0,0.35483871,0.35483871,Sam Gallagher,1/1/2014,,,M(R)
213,eng,Scott,Parker,170,Fulham,34,170,67,Midfielder,29,2326,6.836896552,2,1,0.586206897,0.620689655,0.862068966,1.413793103,0,1.172413793,1.034482759,Samir Nasri,1/1/2014,,,
506,eng,Scott,Sinclair,175,West Bromwich Albion,25,175,64,Midfielder,8,309,6.19625,0,0,0.625,0.5,0.375,0.625,0,1.25,0.75,Sammy Ameobi,1/1/2014,,,
88,eng,Scott,Dann,162,Crystal Palace,27,188,76,Defender,14,1260,7.11,1,0,0.285714286,0,0.071428571,0.285714286,0,0,0.142857143,Samuel Eto'o,1/1/2014,,,
32,ie,Seamus,Coleman,31,Everton,26,178,67,Defender,36,3230,7.321666667,6,2,0.833333333,1.25,1.777777778,0.861111111,0.055555556,1.027777778,0.666666667,Santiago Cazorla,1/1/2014,,,
274,se,Sebastian,Larsson,16,Sunderland,29,178,70,Midfielder,31,2228,6.726774194,1,3,1.064516129,1.580645161,0.096774194,0.548387097,0.032258065,0.64516129,0.580645161,Santiago Vergini,1/1/2014,,,
270,cm,Sebastien,Bassong Nguena,168,Norwich,28,187,73,Defender,27,2379,6.736296296,0,0,0.666666667,0.37037037,0.148148148,0.37037037,0.148148148,0.222222222,0.518518519,Sascha Riether,1/1/2014,,,
179,de,Serge,Gnabry,13,Arsenal,19,173,73,Midfielder,9,470,6.89,1,0,1.333333333,0.555555556,1.222222222,0.777777778,0,1.111111111,0.888888889,Scott Dann,1/1/2014,,,
9,ar,Sergio,Agüero,167,Manchester City,26,173,70,Forward,23,1554,7.683043478,17,6,3.739130435,1.608695652,1.869565217,1,0.782608696,2.130434783,1.52173913,Scott Parker,1/1/2014,,,
199,ie,Shane,Long,214,Hull,27,178,70,Forward,15,1214,6.858666667,4,1,1.8,0.933333333,0.133333333,1.6,1,1.866666667,1.866666667,Scott Sinclair,1/1/2014,,,
297,ie,Shane,Long,175,West Bromwich Albion,27,178,70,Forward,15,1045,6.69,3,1,1.666666667,0.733333333,0.4,1.666666667,0.8,0.866666667,2.266666667,Seamus Coleman,1/1/2014,,,
282,jp,Shinji,Kagawa,32,Manchester United,25,175,68,Midfielder,18,1180,6.714444444,0,3,0.777777778,0.944444444,0.555555556,0.444444444,0.111111111,1.833333333,1.166666667,Sebastian Larsson,1/1/2014,,,
287,be,Simon,Mignolet,26,Liverpool,26,193,87,Goalkeeper,38,3420,6.71,0,0,0,0.026315789,0.052631579,0.131578947,0,0,0.026315789,Sebastien Bassong Nguena,1/1/2014,,,
329,eng,Sone,Aluko,214,Hull,25,173,62,Forward,17,944,6.638235294,1,3,1.235294118,0.705882353,1.117647059,1.823529412,0.411764706,1.705882353,1.176470588,Serge Gnabry,1/1/2014,,,
252,bj,Stéphane,Sessegnon,175,West Bromwich Albion,30,172,72,Midfielder,26,1976,6.768846154,5,1,2.038461538,1.5,1.807692308,1.538461538,0.269230769,2,1.923076923,Sergio Aguero,1/1/2014,,,
371,bj,Stéphane,Sessegnon,16,Sunderland,30,172,72,Midfielder,2,119,6.55,0,0,0.5,2,1,1,0.5,0.5,2,Shane Long,1/1/2014,,,
330,ie,Stephen,Ireland,96,Stoke,28,176,68,Midfielder,25,1399,6.638,2,2,0.84,1.12,0.24,0.16,0.2,1,1,Shane Long,1/1/2014,,,
492,sct,Stephen,Dobbie,162,Crystal Palace,32,178,71,Forward,1,67,6.23,0,0,0,0,1,0,0,1,0,Shinji Kagawa,1/1/2014,,,
497,ie,Stephen,Quinn,214,Hull,28,168,60,Midfielder,15,506,6.220666667,0,0,0.133333333,0.266666667,0.2,1,0.2,0.8,0.2,Simon Mignolet,1/1/2014,,,
271,me,Stevan,Jovetic,167,Manchester City,25,183,79,Forward,13,365,6.729230769,3,1,1.769230769,0.538461538,1.153846154,0.923076923,0.076923077,0.615384615,0.461538462,Sone Aluko,1/1/2014,,,
120,eng,Steve,Sidwell,170,Fulham,31,178,70,Midfielder,38,3238,7.039736842,7,2,1.263157895,0.552631579,0.657894737,1.052631579,0.263157895,1.263157895,0.710526316,Stephen Dobbie,1/1/2014,,,
409,eng,Steve,Harper,214,Hull,39,185,83,Goalkeeper,13,1100,6.483846154,0,0,0,0.076923077,0.076923077,0.076923077,0,0,0,Stephen Ireland,1/1/2014,,,
7,eng,Steven,Gerrard,26,Liverpool,34,185,82,Midfielder,34,2906,7.769705882,13,13,1.764705882,2,0.441176471,0.588235294,0.029411765,0.529411765,0.470588235,Stephen Quinn,1/1/2014,,,
109,eng,Steven,Caulker,188,Cardiff,22,191,76,Defender,38,3420,7.062368421,5,0,0.894736842,0.236842105,0.052631579,0.210526316,0.078947368,0.105263158,0.210526316,Stevan Jovetic,1/1/2014,,,
164,nir,Steven,Davis,18,Southampton,29,173,70,Midfielder,34,2513,6.927058824,2,7,0.941176471,1.676470588,0.676470588,0.5,0.058823529,1.205882353,0.705882353,Steve Harper,1/1/2014,,,
231,fr,Steven,N'Zonzi,96,Stoke,25,190,75,Midfielder,36,3080,6.805,2,1,0.861111111,0.916666667,0.694444444,0.75,0.055555556,1.055555556,0.944444444,Steve Sidwell,1/1/2014,,,
235,sct,Steven,Whittaker,168,Norwich,30,185,87,Defender,20,1423,6.798,1,1,0.5,0.7,0.65,0.75,0,0.85,0.4,Steven Caulker,1/1/2014,,,
245,za,Steven,Pienaar,31,Everton,32,173,69,Midfielder,23,1648,6.780434783,1,2,0.869565217,1.347826087,0.869565217,1.956521739,0.130434783,1.47826087,1.173913043,Steven Davis,1/1/2014,,,
302,ie,Steven,Reid,175,West Bromwich Albion,33,180,75,Defender,16,1312,6.67625,0,0,0.625,0.3125,0.1875,0.8125,0,0.3125,0.1875,Steven N'Zonzi,1/1/2014,,,
344,sct,Steven,Naismith,31,Everton,28,178,72,Forward,31,1417,6.612580645,5,2,1.129032258,0.516129032,0.419354839,1,0.032258065,0.677419355,0.709677419,Steven Fletcher,1/1/2014,,,
462,sct,Steven,Fletcher,16,Sunderland,27,186,76,Forward,20,1246,6.3425,3,0,1.6,0.3,0.1,1,0.95,1.15,1.7,Steven Gerrard,1/1/2014,,,
476,eng,Steven,Taylor,23,Newcastle United,28,188,81,Defender,10,777,6.266,1,0,0.3,0,0.2,0.1,0,0.1,0.3,Steven Naismith,1/1/2014,,,
168,eng,Stewart,Downing,29,West Ham,30,180,64,Midfielder,32,2518,6.9140625,1,2,1.3125,1.96875,1.0625,0.875,0.25,0.75,0.96875,Steven Pienaar,1/1/2014,,,
466,eng,Stuart,O'Keefe,162,Crystal Palace,23,173,64,Midfielder,12,391,6.32,1,0,0.666666667,0.083333333,0.25,0.166666667,0,1.083333333,0.75,Steven Reid,1/1/2014,,,
233,kr,Sung-Yueng,Ki,16,Sunderland,25,187,79,Midfielder,27,2190,6.803703704,3,1,1.481481481,1.037037037,0.888888889,1,0.074074074,1.185185185,0.666666667,Steven Taylor,1/1/2014,,,
528,kr,Sung-Yueng,Ki,259,Swansea,25,187,79,Midfielder,1,13,6.1,0,0,0,0,0,0,0,0,0,Steven Whittaker,1/1/2014,,,
481,fr,Sylvain,Marveaux,23,Newcastle United,28,172,66,Midfielder,9,228,6.253333333,0,0,0.444444444,1.555555556,0,0.222222222,0,0.333333333,0,Stewart Downing,1/1/2014,,,
42,fr,Sylvain,Distin,31,Everton,36,193,87,Defender,33,2926,7.264242424,0,0,0.363636364,0.090909091,0.484848485,0.363636364,0.121212121,0.151515152,0.242424242,Stuart O'Keefe,1/1/2014,,,
250,ch,Tavares Varela,Adilson Cabral,16,Sunderland,26,178,75,Midfielder,1,90,6.77,0,0,5,0,1,1,0,0,0,Sylvain Distin,1/1/2014,,,
85,eng,Theo,Walcott,13,Arsenal,25,176,68,Forward,13,861,7.129230769,5,4,2.538461538,1.769230769,0.692307692,0.538461538,0.461538462,0.923076923,0.923076923,Sylvain Marveaux,1/1/2014,,,
393,cg,Thievy,Bifouma Koulossa,175,West Bromwich Albion,22,182,74,Forward,6,257,6.508333333,2,0,0.833333333,0.666666667,1.166666667,0.833333333,0.166666667,2.166666667,2.333333333,Theo Walcott,1/1/2014,,,
239,be,Thomas,Vermaelen,13,Arsenal,29,182,75,Defender,14,782,6.789285714,0,1,0.285714286,0.071428571,0.214285714,0.428571429,0.071428571,0.142857143,0.142857143,Thievy Bifouma Koulossa,1/1/2014,,,
331,dk,Thomas,Sørensen,96,Stoke,38,195,82,Goalkeeper,4,317,6.6375,0,0,0,0,0,0,0,0,0,Thomas Sorensen,1/1/2014,,,
176,us,Tim,Howard,31,Everton,35,187,88,Goalkeeper,37,3330,6.894864865,0,1,0,0.081081081,0.027027027,0.108108108,0,0,0.027027027,Thomas Vermaelen,1/1/2014,,,
336,nl,Tim,Krul,23,Newcastle United,26,188,74,Goalkeeper,36,3240,6.624722222,0,0,0.027777778,0.111111111,0,0.083333333,0,0,0.111111111,Tim Howard,1/1/2014,,,
165,wls,Tom,Lawrence,32,Manchester United,20,175,75,Forward,1,71,6.92,0,0,2,2,2,1,0,4,0,Tim Krul,1/1/2014,,,
257,eng,Tom,Cleverley,32,Manchester United,25,175,67,Midfielder,22,1585,6.757272727,1,0,0.681818182,0.454545455,0.227272727,1.363636364,0,0.863636364,0.363636364,Tom Cleverley,1/1/2014,,,
374,eng,Tom,Ince,162,Crystal Palace,22,178,66,Midfielder,8,416,6.5475,1,1,1.125,1.125,0.25,1.25,0,0.75,1,Tom Huddlestone,1/1/2014,,,
543,None,Tom,James,188,Cardiff,18,0,0,Defender,1,1,6.03,0,0,0,0,0,0,0,0,0,Tom Ince,1/1/2014,,,
78,eng,Tom,Huddlestone,214,Hull,27,180,80,Midfielder,36,3148,7.142777778,2,3,1.666666667,1.694444444,0.333333333,0.722222222,0.055555556,1.111111111,1.111111111,Tom James,1/1/2014,,,
196,cz,Tomas,Kalas,15,Chelsea,21,182,73,Defender,2,180,6.86,0,0,0.5,0,0.5,0,0,0,0,Tom Lawrence,1/1/2014,,,
323,cz,Tomas,Rosicky,13,Arsenal,34,178,65,Midfielder,27,1588,6.648888889,2,1,0.888888889,1.259259259,0.851851852,0.777777778,0,0.518518519,0.62962963,Tomas Kalas,1/1/2014,,,
535,eng,Tony,Hibbert,31,Everton,33,175,71,Defender,1,3,6.06,0,0,0,0,0,0,0,0,0,Tomas Rosicky,1/1/2014,,,
398,fr,Valentin,Roberge,16,Sunderland,27,189,73,Defender,9,669,6.5,0,1,0.222222222,0.333333333,0.111111111,0.777777778,0.111111111,0.111111111,0.666666667,Tony Hibbert,1/1/2014,,,
538,fr,Vassiriki,Abou Diaby,13,Arsenal,28,192,74,Midfielder,1,16,6.05,0,0,0,0,0,0,0,0,0,Valentin Roberge,1/1/2014,,,
181,ke,Victor,Wanyama,18,Southampton,23,188,76,Midfielder,23,1665,6.888695652,0,0,0.782608696,0.304347826,0.695652174,1.347826087,0,1.304347826,0.652173913,Vassiriki Abou Diaby,1/1/2014,,,
363,ng,Victor,Anichebe,175,West Bromwich Albion,26,185,80,Forward,24,1224,6.561666667,3,3,1.625,1.041666667,0.291666667,1.208333333,0.333333333,1.541666667,1.208333333,Victor Anichebe,1/1/2014,,,
450,ng,Victor,Moses,26,Liverpool,23,177,75,Midfielder,19,650,6.365263158,1,0,0.578947368,0.526315789,0.789473684,0.684210526,0.052631579,1.052631579,0.473684211,Victor Anichebe,1/1/2014,,,
555,ng,Victor,Anichebe,31,Everton,26,185,80,Forward,1,1,6,0,0,0,0,0,0,0,0,0,Victor Moses,1/1/2014,,,
64,be,Vincent,Kompany,167,Manchester City,28,190,85,Defender,28,2447,7.191071429,4,1,0.642857143,0.178571429,0.607142857,0.357142857,0,0.321428571,0.321428571,Victor Wanyama,1/1/2014,,,
112,it,Vito,Mannone,16,Sunderland,26,188,80,Goalkeeper,29,2567,7.056551724,0,0,0,0.068965517,0.034482759,0.034482759,0,0,0.034482759,Vincent Kompany,1/1/2014,,,
91,ro,Vlad,Chiriches,30,Tottenham,25,183,75,Defender,17,1416,7.102352941,1,0,0.235294118,0.294117647,0.764705882,0.882352941,0,0.647058824,0.647058824,Vito Mannone,1/1/2014,,,
342,nl,Vurnon,Anita,23,Newcastle United,25,168,63,Midfielder,34,2478,6.615882353,1,1,0.617647059,1.117647059,0.647058824,0.735294118,0,0.705882353,0.735294118,Vlad Chiriches,1/1/2014,,,
12,eng,Wayne,Rooney,32,Manchester United,29,178,78,Forward,29,2452,7.624482759,17,10,3.482758621,1.931034483,1.413793103,0.965517241,0.517241379,2.275862069,1.586206897,Vurnon Anita,1/1/2014,,,
279,wls,Wayne,Hennessey,162,Crystal Palace,27,183,73,Goalkeeper,1,90,6.72,0,0,0,1,0,0,0,0,0,Wayne Hennessey,1/1/2014,,,
284,eng,Wayne,Routledge,259,Swansea,29,170,64,Midfielder,35,2720,6.713428571,2,4,0.771428571,1.314285714,1.142857143,0.685714286,0.285714286,1.257142857,1.542857143,Wayne Rooney,1/1/2014,,,
317,eng,Wes,Brown,16,Sunderland,35,185,77,Defender,25,2205,6.654,0,1,0.64,0.24,0.24,0.72,0,0.24,0.36,Wayne Routledge,1/1/2014,,,
382,ie,Wes,Hoolahan,168,Norwich,32,168,71,Midfielder,16,810,6.5275,1,1,1.0625,0.75,0.8125,1.25,0.125,2.625,1.9375,Wes Brown,1/1/2014,,,
351,eng,Wilfried,Zaha,188,Cardiff,22,180,66,Midfielder,12,589,6.594166667,0,1,0.833333333,0.583333333,2.666666667,0.916666667,0.333333333,3.166666667,1.416666667,Wes Hoolahan,1/1/2014,,,
469,eng,Wilfried,Zaha,32,Manchester United,22,180,66,Midfielder,2,28,6.31,0,0,0.5,0,0.5,1,0,1.5,0.5,Wilfried Bony,1/1/2014,,,
89,ci,Wilfried,Bony,259,Swansea,25,182,84,Forward,34,2482,7.107647059,16,4,3.176470588,0.735294118,0.705882353,1.382352941,0.705882353,1.882352941,2.147058824,Wilfried Zaha,1/1/2014,,,
364,dk,William,Kvist,170,Fulham,29,183,80,Defender,8,595,6.56,0,0,0.25,0.25,0.25,0.375,0,0,0.375,Wilfried Zaha,1/1/2014,,,
56,br,Willian,Borges Da Silva,15,Chelsea,26,175,75,Midfielder,25,1709,7.2224,4,2,1.8,2.6,1.52,0.84,0.16,1.28,1.2,William Kvist,1/1/2014,,,
463,hn,Wilson,Palacios,96,Stoke,30,178,71,Midfielder,16,519,6.3425,0,0,0,0.125,0.125,0.375,0,0.25,0.125,Willian Borges Da Silva,1/1/2014,,,
131,nz,Winston,Reid,29,West Ham,26,190,87,Defender,22,1674,7.001363636,1,0,0.454545455,0.090909091,0,0.863636364,0,0.227272727,0.136363636,Wilson Palacios,1/1/2014,,,
93,pl,Wojciech,Szczesny,13,Arsenal,24,196,84,Goalkeeper,37,3330,7.101081081,0,0,0,0,0.081081081,0.135135135,0,0,0,Winston Reid,1/1/2014,,,
420,ml,Yacouba,Sylla,24,Aston Villa,24,184,80,Midfielder,11,550,6.452727273,0,0,0.363636364,0.181818182,0.636363636,0.181818182,0,1,0.545454545,Wojciech Szczesny,1/1/2014,,,
151,eng,Yannick,Bolasie,162,Crystal Palace,25,188,84,Midfielder,29,2064,6.949655172,0,4,1.655172414,0.862068966,2.551724138,0.896551724,0.24137931,1.689655172,1.448275862,Yacouba Sylla,1/1/2014,,,
431,fr,Yannick,Sagbo,214,Hull,26,183,78,Forward,28,1568,6.41,2,1,0.821428571,0.714285714,0.5,0.892857143,0.535714286,1.107142857,1.107142857,Yannick Bolasie,1/1/2014,,,
521,fr,Yaya,Sanogo,13,Arsenal,21,191,74,Forward,8,71,6.115,0,0,0.25,0.125,0,0.125,0.375,0.375,0.375,Yannick Sagbo,1/1/2014,,,
234,fr,Yoan,Gouffran,23,Newcastle United,28,176,76,Forward,35,2643,6.799142857,6,3,1.485714286,0.8,0.571428571,0.514285714,0.142857143,1.285714286,1.057142857,Yaya Sanogo,1/1/2014,,,
16,fr,Yohan,Cabaye,23,Newcastle United,28,175,71,Midfielder,19,1517,7.478421053,7,2,3.315789474,1.736842105,0.315789474,0.684210526,0,0.736842105,0.947368421,Yoan Gouffran,1/1/2014,,,
305,fr,Younes,Kaboul,30,Tottenham,28,182,75,Defender,13,1039,6.674615385,1,1,0.615384615,0.461538462,0.384615385,0.307692308,0,0.461538462,0.307692308,Yohan Cabaye,1/1/2014,,,
123,cg,Youssuf,Mulumbu,175,West Bromwich Albion,27,177,65,Midfielder,37,3083,7.026216216,2,2,0.972972973,0.540540541,1.27027027,1.108108108,0,2.243243243,1.108108108,Younes Kaboul,1/1/2014,,,
437,hu,Zoltán,Gera,175,West Bromwich Albion,35,183,71,Midfielder,14,489,6.392857143,0,1,0.714285714,0.642857143,0.285714286,0.571428571,0,0.785714286,0.714285714,Youssuf Mulumbu,1/1/2014,,,
